GDP_Fucose_uM,Mn_uM,Uridine_mM,pH,DO_pct,pCO2_mmHg,Temperature_C,VCD_1e6_per_mL,Osmolality_mOsm,Lactate_g_per_L,Batch_ID,Fucosylation_pct
33.090508913552185,0.03520992398696751,1.3330981797737884,7.015265428108974,35.70234102415436,104.47670298956727,36.36351497104449,8.589949625323829,348.6395053940311,2.437267219324916,2,90.74426506433394
76.30357298074371,0.027268721950861902,2.9385542632026116,6.983345502103785,34.81872794431999,98.80750151892458,36.98340698595686,20.46072718411738,376.65187951599836,2.103460635339689,7,95.95816280494776
59.89954563585538,0.01616685319803006,4.428256261443837,6.6205136526451485,74.3752748312622,81.6176056310016,34.252339493962495,24.93647169778286,371.2193115748191,1.223919651242165,6,84.14636371587405
49.89938631477774,0.04087595596564049,3.7950119888430254,6.872998262100925,34.972771990970365,116.04424292507397,36.12437049803499,2.6905981225760347,298.46798856325285,0.12521099537987115,2,94.74649764045208
,0.034551827455140086,4.129525165376524,6.904156495028685,36.316983567717855,48.04270639755625,,22.639414913191434,297.90993636897684,2.035332965413174,5,94.98522536680599
,0.008968230027899673,3.464525150198228,6.919058224717521,65.56389574507782,39.83377892786593,37.16415188394136,16.320502272769133,312.1809241293896,1.213941355392748,3,92.31233366984215
9.35627091261496,0.045635432040198286,3.615244540330336,7.064137895381866,46.984390547032405,106.85657702598799,37.5304353024063,24.387800240790888,,,4,84.16112453161915
69.96321093312014,0.04130432490323528,4.321380432043936,7.026882037381503,66.60263341731087,69.52348349703735,33.06078385738694,12.695218903107834,329.0146697690179,0.19339043455488564,4,93.70717481390226
50.08362588074066,0.04754019575130428,,7.0863240742347555,23.921969453863113,106.22719687863544,36.370099595293965,21.489922403141595,361.56366602000145,2.3808284640925845,6,92.51976192928777
58.10544333470341,,2.702412336394132,7.2119066092337025,,110.37811846758734,33.259178995598646,3.4350635777603764,,,4,81.14352554074169
6.543837072185184,0.031057344600853704,1.49544248818821,7.250388590972875,22.01681601099696,35.62118342571643,35.74429332538678,9.711418151800801,284.16072450712795,0.7801961417348481,2,86.41597241834977
77.74323891214958,0.021493908778240325,4.944506035984912,7.174498460981196,23.75919220732127,109.51182866874547,34.43816364521839,3.5413803682778293,327.02926755326905,1.939433013927322,9,87.75505674218596
67.43319806003163,0.04670369568434665,4.74826702858976,7.364418956763948,74.38624720066466,70.34871498324799,34.533882997610704,24.43289207001862,363.6596430565577,0.4565457680868389,4,92.02317386362063
20.92543330087071,0.04343713058552001,0.6774206511582765,6.614586066141089,28.35472226705571,75.9389240103809,34.76479251726178,20.790399867252244,303.2122411547779,2.5401594578192754,6,79.19759501263697
,0.0032157148352032813,3.675088276320598,6.756622388546837,,86.39332599838892,36.10646224524805,21.608590688657323,356.9805377507502,2.2470735543252798,4,85.32285455880717
18.755338239007536,0.002291981750365348,4.663617428370496,6.606050299982513,44.66573615604239,113.3744346057078,34.67024982834385,23.573200322979567,311.17937655283595,1.6887255444300462,4,81.8760096631025
27.81816822196533,0.019446704977024432,1.3125890530730009,7.117979771323682,40.84059957553056,31.720448498678763,36.6634952529514,3.957380180755063,386.33033305762194,2.133370383747591,8,91.6734942986494
44.35673237241784,0.04071711320830981,3.0557535374868325,7.3184244391599895,73.99000074123634,72.91591214860354,35.02263692786935,10.868744627806667,387.482793311994,3.59664116802914,2,87.67424429472192
37.395876398158684,0.04937653033643228,4.619697339146188,6.794785837261039,21.30940380652937,91.89498381875046,33.34176600154979,3.633802448012049,315.6744645137592,0.8655477790131614,5,87.78978947216936
26.842185514853142,0.008370427664072881,0.6527569036360947,7.341627635837046,59.82738117053535,95.04362619284056,36.91879921242054,6.848241335650658,307.59925047558886,0.18800159565085423,0,83.11592000789898
50.88896710417846,0.030112405052254623,3.6383912026107796,6.648213912231649,77.80366605281303,92.32791883833971,34.42879162296353,7.275412871866465,329.3564766479478,3.4604930503264937,9,82.6750167480535
15.462039548903137,0.019663651974920055,1.8380705331764784,7.347548821444412,53.610091007710515,42.09916164673096,35.16383439799631,12.78946585409431,308.8637902216178,2.3507566213128355,4,81.40373515727545
26.91084864014136,0.04852580549291556,4.6597828791943865,6.881298149791707,76.20934772198551,56.94560295345131,36.42721941610951,8.17692985143378,360.6860611950044,3.5735679763011854,7,93.06555224834194
32.47713824702688,0.04226382723364973,4.869762103244155,6.681136662759373,23.135472757161427,62.28439728753121,34.66228078574356,4.322496456808505,379.12776214579424,2.428086371311373,4,83.32448671847906
39.205248816277695,0.04207810653084576,4.749199201010453,6.98869740734906,45.12759914444968,102.39934869115545,33.28292828073358,,,3.2596282508428396,8,84.19103141401733
63.88819710447602,0.023965964829953546,,6.805421254176406,35.60946745772307,55.088388517309774,34.86960523506407,5.387337961698091,378.9220536699219,1.775726117085077,5,91.04057890799095
19.97553366187698,0.021326155614545594,4.379191929451911,6.827898321569538,63.84925789884379,48.963446748048284,37.72224291347152,24.38076635198286,327.6390594648969,3.024453732024248,7,89.38367214774425
43.56758288102087,0.014396946524604607,4.300472293407816,6.845831971941029,78.8778254298348,116.17032171342865,36.20867198649279,19.463727659124892,298.7580364850633,3.660861720870438,9,90.15914820369147
49.431092664653185,0.0037623993358954287,1.9359521295946505,7.242420718266131,35.39180374665487,30.797695660212202,36.357395743336035,24.258513701199924,368.55411368771104,2.3312795585166044,7,89.26044751375134
8.48378095399983,0.04337139643649761,4.230119633678048,7.031329021340204,59.250476088444465,119.80387701137803,36.1614107681882,12.114031189681896,323.25694061698647,0.8050620871932802,2,87.87987313850951
50.56586389260788,0.0408321494473738,0.6665343562197168,,31.885857965584407,90.9139168971656,33.994960694797186,8.402475078241102,360.5524990274959,1.148310698617773,6,90.04918044737322
,0.049986165991020404,3.1832144531692386,7.088267026648735,53.919815274296596,104.56223695042054,35.0916693205114,20.360743535811295,312.47727303781187,0.8747138498998825,6,91.24984490236947
9.878869473895964,0.049835205016621364,1.5350397677946637,7.172920539378555,47.83594920130017,56.51574567115738,36.75469899181659,9.503840114946376,289.74755617680074,1.0627424076233585,9,91.99782511883421
76.16641529399999,0.028216153574528748,1.0425509859977546,6.818099200586827,78.32031977789222,31.288374990035397,33.506864487765796,8.88581759522301,399.1098154585316,1.295020252469042,5,91.29896943383068
77.42240248059196,0.038680383343845014,0.8462894073314412,6.9308392812202815,56.51163636178799,96.40825667053771,34.38926388044856,7.347637820780117,298.7441809516719,2.265021768337435,6,92.07533138882485
65.62980110873458,0.047293520764238976,3.633299491451629,6.697508874669558,,105.07301373006082,34.381595542329265,4.982616499157413,398.6105192756177,2.3931673549089476,1,91.16032768648928
27.8460326880028,0.042632722143193164,2.0294373369562977,6.744919479627744,26.845747093276003,96.64285187581672,35.16009463797253,7.898650403385617,397.2735919079737,1.7633490142432584,8,85.35433865536503
12.325408550478791,0.013120056985416687,3.7614504718794266,7.144894283171986,29.074809724096074,42.856525857075475,37.90184370471093,10.172354214899418,,2.500141041301258,9,78.03973211923957
56.31747698841177,0.023076662630194585,,,33.519015797074104,97.80851300312722,33.33751273341911,17.5018667873518,359.13075544983974,0.41814220988432704,9,79.81867081937206
38.0114370304701,0.007328811342423254,1.9188065202377464,7.0201307069336485,35.05799968041788,99.20305038968769,,,349.3368460301302,0.4423741245268239,0,87.53277414146368
14.152867613358412,0.0477485003356774,2.9277108156890175,7.1672370093779465,71.03696347046827,89.26864641030494,33.89682341006105,6.841659612302887,383.93218544534017,0.7701348953948679,0,86.4816910305717
,0.030702557088093125,4.058254241775336,6.685501538475795,53.6733672969515,98.95043395160276,37.85338272704872,20.607543726708556,314.73274259433856,2.1205022423573445,2,85.69947324287756
7.57913908364138,0.012203497469669675,1.9343862631943147,7.053849775703123,51.403454682461984,106.1329295709959,33.56651752363732,5.379204242426727,,0.9345792469234229,2,75.17922708580647
73.19903015590866,0.033913333535886984,3.316511193966541,6.805250226961091,26.886132312153048,85.22437028137125,35.01800501180796,9.880838370017996,,,0,93.943733998736
24.408498620001268,0.03128828378243689,4.486899867062842,7.370341500190064,71.6083816009661,37.97442425727112,36.68942492417303,,329.3428571043389,1.661220061074677,6,90.00222766154447
54.689171326548646,0.018549973183609188,,6.98683651737594,63.36885819250902,73.88650287004899,,5.563282156299181,331.29837449083215,3.2662778836404813,3,94.20307853863405
28.37833070670582,,1.548317636391352,7.2447940398201265,24.060101714000094,36.98844012044446,35.11364318446966,3.9029472192183676,319.63416010025014,0.15406233006015446,9,83.3578997880473
44.00510158833581,0.03390708658404718,0.6098035170044211,7.04018123372501,62.47010583378612,66.67887279291878,34.73262083976359,13.144373886840249,347.70781800214434,2.6325773989228276,1,94.12849128956158
46.00327095074597,0.026495077344285873,4.415444932554184,6.634730026283855,52.61229304055876,,34.98806189276435,8.955648759406337,382.0689433618139,2.708618471058673,9,83.30366787816672
18.86408416441453,0.03884360119504633,0.5957123488267422,7.106521100475218,24.903520744806695,35.94088597262174,34.3213813157932,14.958392383128645,304.18340536075755,3.2147575433908826,4,84.16463004201077
77.7188470823419,0.026488011554487677,,7.361122673765326,47.498038491719385,61.39384805725314,34.026664693534,20.48751248111993,392.13196465041295,3.7377364623352216,5,84.18959706229946
63.13496175208359,,2.8802171031224537,7.081289456117065,49.08177722780282,39.98982889121834,35.41519848779445,5.154415227513093,362.69051844978753,0.17853761090223033,8,97.36372354703663
75.46242061731418,0.028043435099949793,4.725804643308033,7.255351087541433,29.946472409796545,102.74116890082999,34.34266878033804,15.356078944748555,378.7927855216036,0.6997564515015431,3,87.7026041187949
72.11205128207366,0.02848596060523393,4.094524560981494,7.307365170678726,76.74188882001694,115.29192233680237,34.43730832448625,13.62670148896687,346.7428831156014,3.556068046818373,1,90.54084575433869
49.84249841083138,0.04395602653025891,4.990703497400019,6.782463817559146,70.99852228883972,36.508482773214475,36.28378031737279,5.31381207830359,373.5420041708876,1.88822239252936,4,97.31081196135872
74.14056762673376,0.020770660444407455,2.0782031695326957,6.769635871926581,60.1413402397465,115.96036865625312,37.84268665849946,16.351965167166597,281.94404768073605,2.3019034918405077,2,91.30076022977026
11.636937653893963,0.007566746194081396,3.952347300190071,7.088784791080793,47.73773366003643,77.03189394030707,36.018186002796874,8.293729610797747,378.2056509735442,2.6858060945202746,1,86.60238879150347
19.698714681435888,0.00241035113935361,2.3086891112415895,6.928822775845363,44.70593249507051,56.96091101584865,33.38489733532483,13.220189326512287,284.816663090244,2.748359757532986,0,80.06257515469463
8.392046668290355,0.03800172552800733,2.6594402913675896,7.271889042293377,59.05840802905725,36.91758677485471,,3.8922634583724234,386.7896051635435,3.733787572934382,9,73.82435641705744
29.399774807244825,0.031395168016319766,3.323774584482665,7.320018498718409,52.725912164414325,75.0561841263376,37.75711610422783,12.57043331591333,399.0355296686372,3.9881027279055115,1,87.62704468845538
34.15079672671115,0.035499908636861956,4.431547013838524,6.8827371034421745,23.736386352913136,101.50639900416738,34.48645395153667,9.048659764984867,315.28809546121335,,5,85.8221857493946
25.35117738304219,0.011435243913936625,4.928375611396828,6.789496447179586,50.7501589262199,93.63778295400283,33.46033493041238,20.91476785726315,305.2382267542952,1.2201627159000883,7,81.29682472026745
67.1553131863947,0.007682202303751719,3.957230362390332,7.22442041219509,68.38421703397037,34.52034103175764,35.99522293575191,3.3105107209394706,371.8436036629649,3.53103436894794,2,88.35009651984667
31.756499502019196,0.0017126886177262146,2.379950519753002,6.819844828438509,,36.561165183111314,36.11824389145133,11.627967323121588,310.3631609104304,0.2919615667089703,8,94.24881726776192
26.07008822655356,,2.396106510246816,7.258091454810943,23.117394653256106,66.25859543693734,36.24252410059344,12.543922755023074,383.8674859806644,1.0012153262105352,8,85.58825204854962
45.70220623686863,0.029905966655877022,3.8191203571500116,6.93899060291901,67.17669196304199,56.57614446431489,34.337010139287706,18.67513975487973,292.3411110588972,3.599804298108488,1,91.68397759751198
15.569316873107198,0.020219958209886885,1.5744971559573604,7.134039919433176,32.08182692815846,50.914589075044304,33.07555342107238,15.208614227074854,295.114623565523,1.0991469063134842,7,80.16719168130086
65.16477355655297,0.022436271179162727,0.997133509091276,6.676428251067734,35.51725009328233,55.29040490178423,37.825076847272356,17.345883755466165,397.4981866120739,0.960539132524819,9,85.15330719484743
10.591298275982812,,2.0957997093834946,7.099087459741258,29.882381205937754,102.31344689671961,34.254465228455516,19.872133569990392,360.8606677924006,0.6386886432469642,4,81.50541533426761
79.01652024503879,0.018064517884141717,1.7925754624433679,6.961414142989783,39.81290389228985,113.63052482686685,36.38013144026274,21.830668394138343,381.62646693147434,3.4505358548229745,3,90.8379677450129
62.918357697249306,0.02618548496883073,1.8333865420519553,7.069286770540379,65.4050903413181,66.45924250748098,36.53314934939355,9.21913642461682,318.9195252821822,2.050227210845238,9,93.01180959379015
19.90367611506293,0.039398997624316014,1.5512348797245947,6.73441136619589,51.16315157023624,111.54999019192473,36.05003708539743,14.374522223369768,361.1780499424725,,4,85.26170809769366
5.41415878427018,0.02043059633374224,0.6894193533636285,7.189498995955346,32.29287644904275,58.93461311230938,34.56453697106824,21.322485804101596,351.30901927703167,1.0323588978926157,3,81.64958551665491
66.15960713411256,0.0314822483111658,0.5804327063003621,7.290237662034583,72.66980468912246,72.87932877094124,34.35548126882033,24.757376012196296,352.37801441475364,3.056357641943744,7,87.76670919035793
58.01430078857128,0.043255821728590514,4.944750753812142,6.7733918400726205,72.77491129709175,50.34260980343997,35.98834141351352,22.458944154006552,361.9038951445266,3.064021625352184,3,96.19725846307848
59.67553760307405,0.047526510559224466,2.4249791018113807,6.676571644416129,72.23470550276042,,37.330478168058455,10.543747040360666,349.04310077549184,1.3191322971423707,9,90.79648052225374
62.84527600144593,0.008206600565522859,2.2294699122185673,6.618910868837069,34.32777268289236,,37.73366864461698,6.488829896028959,331.4874843163199,1.701662268740103,5,83.26885919635751
10.553348880056777,0.046402793632913227,3.5584127721188143,7.113577200354613,47.07436065085929,84.31437864390408,33.529529022018785,13.256028360351541,313.1107233256656,0.9177920819777833,1,85.5123857380272
31.884929640820445,0.025113698360897375,1.4821424953927886,7.0856752288710245,79.0993793684525,62.203267570219396,33.7741430629886,19.05775339222897,372.22975970958424,3.908587990959327,4,85.10053903327423
13.690179464384729,0.01365397502664896,4.774825327776014,7.037357930171256,66.32074857859942,88.30357013914755,37.7236812939154,13.329088627325845,307.15269160038235,2.6178500505278053,5,87.58430909630295
69.73275694066952,0.023497652055674806,4.038552564869985,6.78555767689278,21.63004527353359,,,13.113159856214375,363.0825167385297,3.7447211347905105,4,86.5849013648513
51.74735951206684,0.04902159618898838,0.9023495104051678,6.912724796724412,23.912275475629524,109.97931722388587,37.41496912414887,21.279299684881412,307.9999387179192,1.2832036201536194,1,99.55627589171921
29.817351863948687,0.025138286605650612,2.379113491032178,7.075581068148939,47.835882608739965,75.27755557018527,34.01316317067672,10.312286918545286,355.0396203945345,3.14937456068787,6,82.69982725453302
,0.017108828904087905,4.456032384029741,6.997413487087336,74.55321235169362,70.4414767835678,35.93792935554701,21.77527752066785,369.6493920554835,3.086848711150494,3,85.39582693122574
,0.03203664186151956,4.7512941003113465,7.39022841617191,52.32210787716285,82.72783096081673,,11.356510421889642,306.2456666687847,2.797457042279512,7,85.60891262824845
29.388749152006028,0.012767135320131462,2.6033068006244138,6.709151802045386,49.868750482057415,86.23054765104622,36.40055942723486,9.549361430601806,287.19319610335697,3.8659920035405215,6,82.13756807802268
59.720463375354804,0.004717303077324532,3.2603512514481845,7.156115643238075,26.328421997397836,36.45982256038617,35.04075845433349,12.441767957593077,295.71684915930086,1.6348658108146308,6,89.57152677900116
52.81681035164098,0.007315106373621812,1.2516527574143386,6.923455014483434,59.40680628345764,91.43554991010622,33.07697445845654,19.536280049521974,352.71963607252303,0.6097975620000534,8,84.2091246770661
71.54095569322449,0.007274246108930849,4.960258817616395,6.942559691940492,69.32618963601354,51.77385122839766,35.914630284021314,4.898046640871868,381.93356874708826,2.719664551051837,0,96.47319506637557
40.416119387146196,0.008443231982102423,1.5425226562254952,7.174078212526541,42.825200450453735,94.25573692559308,34.265507695898044,6.5176419650563995,285.39961854825094,2.944308221861104,9,83.17617206412184
13.969568445372628,0.007802531459821097,4.742292983608065,,66.53671105551965,104.0281314945777,35.25127123071445,23.883230990251114,368.09815108499754,2.3427362364893773,5,85.77737699578633
58.493359041724624,0.032402862495357516,3.423409920465658,7.393004794961751,77.8685992340487,102.35626567972683,37.78790507541909,6.036307429771219,320.95823751400627,0.9065897832202454,5,89.39630342542445
62.05887864626731,0.009912124135558097,3.234815576954866,6.7027154315633,32.22598754766135,79.72508706671002,34.995176588212175,15.057728312414255,,2.067378172510486,5,84.23596791474438
47.095789817712216,0.017937696882869298,2.807098299574289,6.683287719507333,51.39977787168448,76.81529030796762,37.19900803332213,15.324232733224571,391.46314598146785,1.3175399726196046,5,87.94740653578937
62.822538496592074,0.044942632085394583,1.538014152729914,7.1794710537029935,37.22827748507453,42.85883652054706,33.94270302874626,13.26136262715563,319.83658056830143,1.7671194598500874,9,89.48162208973763
42.03466972732931,0.024224120372880745,1.2943761440247872,7.062709533605127,67.57126514203037,99.7811535362822,36.362302490125145,16.829140717266828,335.84043207273834,,6,92.41737458006723
44.20496220364956,0.033710329187530336,1.4921879408157892,6.819328533247845,54.65560195286945,54.42684424020429,37.885034772194714,7.286014693345224,281.64188977128174,3.006337496494255,9,93.93207017283176
37.06557637689122,0.009443673688879863,1.3389721796491454,6.663535495191189,58.074945053018226,74.70258805361519,33.509465504364684,14.711232158865208,289.7918464005806,1.0056762945152382,5,78.13002205025118
6.906434505807139,0.01042216192162487,,6.668526599677144,67.87484957695364,55.5846683634765,33.04159971113596,10.559984870678635,311.0309909361741,1.6807689065231182,0,71.57218410327906
13.091857024497834,0.0030025621970574644,2.0755636662502854,7.315352699731295,43.75822835974729,42.04455266997238,35.16791396316307,17.218346971471348,,1.1497301268673539,2,78.88379753965027
7.357188926505069,0.009277818090536065,0.7602920445352837,6.753493859774994,74.90540410442259,86.66019272025629,33.463127415256835,5.248141497582438,355.7650391257901,,1,75.63776875304302
52.73078084478353,0.014650926612565972,4.860961835633651,6.858697249692416,51.9817320347684,34.88988313406134,36.74192174838116,15.130180587307953,,3.15521015798377,5,94.20973873856818
28.5766985807245,0.009673513729560594,4.477036482335416,6.78132512178159,29.47728937012088,97.378071071358,37.5727433192428,6.261218173816445,345.7774243273626,3.6460855083042705,7,80.92297090691552
43.14280183735271,0.0053464241540957256,4.674885274378458,,61.75394709012815,58.5828115735005,35.17010486354379,8.408790451645837,300.95766230755953,1.5439055241698492,2,92.84070280031226
73.06748554445697,0.00691115768392944,4.977085201908959,6.6555390741968745,67.59568102629527,30.012122370403677,34.293558210777206,7.030325407442414,315.5118435323939,3.029987805057691,9,85.1978547296938
23.69691718616562,0.023578159633603563,1.2825286214876928,7.015247832726616,39.0057006240516,76.00162253135068,35.17201659503305,6.205268936982794,359.658936982327,3.598281628521203,7,87.37997668973343
35.77871922767223,0.011110352201883833,2.2830890850619645,6.654090050873772,71.43075541992518,34.21667176748428,36.617239089250006,20.99135188589534,395.836326835648,,7,85.05987440927944
61.66633539072865,0.0188492231913557,3.912073140668411,7.240285206257889,,54.85526020388095,,8.571274056200478,286.0500128322651,0.812972215302981,4,85.09536146806619
22.159862411871686,0.025667446271887988,3.632092781242065,6.786969665528346,36.614269242668534,93.62788387101446,35.947269947423486,23.323846982882333,386.84611850263195,3.8295383379021093,7,88.11075601608896
10.773493237159474,0.0348293466028389,1.1925315785293478,7.032009531683609,79.01128836291332,35.64206594596793,36.066458424436895,24.30831008293939,349.22574415734505,1.5690381176749038,5,93.28871485858957
26.731358968532604,0.002926294852213848,4.17124906245778,7.304063270049167,28.442691682925506,105.54046431204021,36.188441234479676,15.138990808553238,347.67034801067484,1.4230385785779618,4,83.750397303557
17.091596544050333,0.04017110954654309,1.509982573264973,7.120701895237755,,,34.21011039990439,5.289025821311707,340.03342422493125,0.34348217638334333,8,86.71144098625285
74.72732392569299,0.03176711908505448,1.5071792667018038,7.026366229241068,31.053490354281568,52.2141482281712,36.570263616890635,,288.32729030850203,1.9960772510090437,6,98.1752197961188
65.60902846733127,0.0050061925654947236,2.916384903020361,6.8594670024923,73.63938260047223,96.68136505368643,33.45695743165888,20.347842057008922,290.7852222083393,0.525153100999622,7,85.86473179705472
52.50528173828176,0.04380535258123209,3.168229706787664,6.866401530446558,59.25755313949771,58.46431347563761,33.996351682334,10.44998676003262,352.1094406790903,1.0693053016169614,0,88.53234923307014
70.35954426407883,0.04612274762605885,3.1103879352701505,7.135589564158552,29.126256993336373,39.17031492594122,37.38735023327241,4.001396020964141,320.915028572267,1.3360762248923974,1,100.0
65.27540576743358,0.003992820032888323,0.9116907682898969,7.395311488976934,46.41940510210094,62.42105269203851,36.693615753632834,14.806052951348322,390.07216798932166,3.2544226616175678,7,81.19693439336007
18.992754416452687,0.014567004759212982,4.448573881836712,7.129471351879503,56.917881504188124,54.3353957746073,33.068727770056725,21.4377795844088,328.79086448313666,3.5144057365439965,8,77.97956607093626
71.94192488674834,0.040503862709860006,1.6952001916491772,7.04622673389602,25.007845099362996,105.84407119444994,34.241881301849,20.306306904300556,297.1937750443169,1.2796186380997319,3,94.10236386667603
45.4506681436738,0.03766472482879926,1.0828171457726188,7.184520408191397,72.94498210444033,58.20131258266288,34.072032414965825,6.027832222998125,365.7662600202443,3.448922672853838,9,84.62202020978197
,0.01004152994846249,4.499366359410397,6.972164489826975,68.21621212649211,101.00392245984065,34.354031640184864,17.473586131486734,315.20241057292117,3.443200655742185,9,93.58752914524608
72.20684749426199,0.011258116843498804,4.80043174203389,6.648113874080628,50.31240641459829,,34.23779885139943,7.071598059019884,343.0564368827072,3.0821387065010066,8,79.05844431993224
28.85026062288979,0.01915313303677772,4.379574277694528,7.049837452702328,78.02759691555022,69.04356776188766,33.31263147871423,7.018773294699962,363.73993426062043,,3,84.5010351482839
13.253894339575757,0.024741626274360048,4.142822336261951,7.366100227604305,45.06565875650598,111.89488294689528,35.2947025829841,22.10365078601926,388.0316933442484,2.792259102912843,9,78.43956071665083
22.095137190645627,0.0312944838049845,3.4485889128755978,,79.04661914218987,63.95862485668736,36.66366737393083,7.742385913025293,375.06294337620113,3.7855938518642183,9,85.8034993494386
37.03308414696922,0.01907676833891885,2.978858167741127,7.152003912656532,60.07519992821762,116.76705748410974,36.03365862358718,8.054688969914256,361.1633281447269,2.7619078671919124,9,88.16076783538911
66.351107444187,0.023664201090524247,0.8914404196013457,6.760746950927245,58.08027639523649,38.03605720730157,36.3643583429904,2.0150279875098898,361.55598188741726,1.3933057115205525,8,93.76204584057255
69.55479374422576,0.03762607596855407,,7.028662147578465,29.9572937177471,91.83173398529185,33.405745892681196,22.025387784886906,393.5109572838504,2.052259337980242,6,85.9484227151688
5.521409789839303,0.002797476941639297,2.177098326555413,6.6773411597173755,72.91566549827864,74.44326364112358,37.75745355088394,20.2296807038101,315.4988916995843,2.6183276690691093,1,78.07544107109656
,0.013369410272857016,1.668892026921468,6.960296749006548,45.649381275236905,64.88839249100823,37.19245916921513,16.428565507085594,280.1334513035425,2.091224594041164,8,95.3306812017314
36.30582523615843,,3.755390511598632,7.204930663116197,29.734004346948762,86.94406908737409,37.02545159247831,,312.63454712778383,0.5678164727507823,3,91.73988482555944
21.65808578530477,0.04486513504667277,2.7314408078544687,6.878057219391185,20.75645119854554,93.34713824708982,37.114919025208835,5.497117050763311,306.14696555520925,1.3170497741428806,7,90.75354544665377
13.98990255002621,0.02607219466366764,0.8647079715844157,7.131929379589774,53.585341018302955,30.39269426852782,37.66355254066381,12.541442675514235,359.4201502136798,3.229344519159167,6,88.38550664839681
30.321137855272095,0.02707356077800047,1.490824408774151,,51.64397732736058,45.025777987247885,35.72126983056849,10.078045909021961,356.04539197186347,3.459530379772518,6,87.92566329420453
,,3.574664436468182,7.341742255583562,63.16121734214951,,34.00141008933813,4.156860103911379,351.21536592456687,0.6354701275907239,7,81.89271446751235
29.240219901556642,0.02292320597434928,0.8425888677063509,6.787713665484363,73.41548318106813,89.97468722203858,36.083918039262706,13.181001159943253,281.94921318513445,3.814308334355026,0,86.42396942039554
43.90929663075246,0.027098246056296137,4.3304311132194595,6.919452732647446,24.76439507858177,116.94427546158094,36.714407468339694,23.177011957880612,367.4533665340777,1.3824082096095764,4,91.53700661848703
57.72642191713834,0.012881054678101755,2.7281593715628842,6.721932810664334,63.88978942042174,98.49340112257048,36.68958696677013,2.921359738165973,318.823649498259,2.6830235810498078,1,84.64931728632632
32.27222017844705,0.014192918316519667,2.662639597969916,7.393986801726701,31.244716645854933,115.56954369582043,35.6072451208344,8.703601010357259,359.8067186807957,3.0321180692310565,1,81.70019200003166
77.88365620407205,0.019486923992126513,3.165835030967829,7.341600774339437,,93.22864513813263,33.34229359666789,6.77344153273118,346.7894114202584,3.266590315087745,0,79.86451038595851
77.18354712065835,0.001983488691108592,4.211064346663171,7.031965704224448,69.14381083169937,56.824698777549884,34.85556469215064,7.477373034311015,321.12771105134885,3.7884238386811275,4,90.0307411053489
23.883672186902313,0.01678187911357574,2.0651414355598687,7.273626635501137,52.44762529913266,39.482843002577084,37.603833042316786,22.893994693225633,296.1491520524929,1.3203862373124082,1,91.39631396222185
42.29363794192891,0.011360952342830688,3.551072686515786,7.016766381817634,62.61456791739869,100.3641477010442,35.92224454878713,12.765588247388672,291.33026771925773,3.448175172751063,3,90.0105407474189
27.565873236257726,0.01704737025671782,3.04579383798106,,38.861006791024906,87.97342993283243,35.691659716278565,12.724886497615833,379.78219997346685,0.6135789234012075,2,83.6926865704789
26.36303707831007,0.0068683444591433095,1.701627215762396,6.671299545692813,48.27007393596888,34.33674111539666,34.34426757191097,19.493239776471494,390.20770504978697,2.8496595347790117,2,80.31745049837151
7.76652105158996,0.044635836756254856,4.453834938598211,7.2042163363974465,69.2982138626283,62.40454193108805,34.8422445995829,5.553320692113294,357.97456561171595,2.993713145104545,1,88.91773199381593
50.71732504849226,0.030086030224148387,4.088417097231177,6.702170786908187,47.55591183039283,116.11198339358576,37.476730445765845,13.207103144301168,292.412093783258,2.7431206406851496,5,87.06109754202518
42.70092674216461,0.03427601363807999,3.4630332559629147,7.260854104202023,41.46789591952651,75.0361031139181,36.33231523763418,11.889659924784374,328.2432660265889,1.0840274709270967,1,92.03995799835583
,0.03966939069175958,4.327617780924088,7.225622470136309,49.65274683501799,68.94562224177342,36.936935133761665,15.728945882573091,367.47270401261886,3.504868273359293,7,86.01058648468742
25.898484817745857,,4.402823904319111,7.166995758194381,69.6949551462331,71.19296446433646,,24.989827174760087,373.57850608120816,0.7585480071445405,7,92.21516132767657
73.11994144749903,0.005259094116283761,3.6876333952176568,6.6289283044198095,40.11248284225236,48.799445160464735,36.15123609728079,19.697324563887083,294.18623467493063,0.30917568693124026,4,94.08191228135134
,0.027318220549108842,4.266559977636524,6.842502684756263,30.425695588144627,63.18364537783157,34.24191804371604,11.150911169400825,280.00368626144586,2.8981134633864576,9,86.71629590185994
15.867115406841732,0.02975521478302308,3.6386215775117763,6.810490055928674,62.72084121984685,63.283193038845894,36.52730415141743,21.03372020230308,365.4564455056726,1.9543552894076615,6,90.91439950752408
41.70895702081722,0.037526534235032175,3.560633472921352,,69.55869276248491,34.711951816872514,35.13800666851669,5.926292356187044,322.7915411183447,3.4114822778388367,3,94.64469351235932
78.92378405829506,0.02215131776525429,3.2837512019683293,6.6701141974110705,26.038248711412,99.08108656661264,35.212727574073725,2.700664785106083,310.53775979419123,,0,87.41873703274753
23.15414536336253,0.007251434836982625,3.8872248780093854,7.349566258424851,34.39244676535668,67.4853988713491,36.24661162288441,,281.54769637474305,0.75628649518008,1,89.45583863186457
55.41016605544089,0.014905019384137498,1.2137229738188315,7.043041792569901,28.518319385659634,103.9961898134781,37.681403107344636,9.829465790627971,,3.362124550632492,9,85.69041328759987
62.12147114965382,0.018791032523533122,4.4639184163951775,6.844419448526419,40.87648469493,106.53132010079058,33.3200317330431,13.743357421569877,382.1380882511178,2.2407475633962797,9,80.97709676137228
22.822815799429975,0.03264994482524846,4.423295874853544,6.917585213659427,47.021058734324754,49.079464922879225,37.12371618673504,16.147970232447598,394.91579755271056,0.837863590322384,3,94.00479706417808
59.61622614588947,0.028968136928776686,0.6316127736555162,6.957762032403869,64.92958021779839,89.16181339531157,34.461915552060965,,347.8893940735947,2.9094975944871386,0,89.07616722245943
32.58373495394399,0.01844873956899447,4.216175377541433,7.080475466688494,59.06885509290045,72.50536237466835,,,341.7353593287873,2.093343190109052,7,91.4630005091789
52.42293729451846,0.04933924719085601,1.0799144036305033,7.012543542157198,57.25571404870587,,33.10956664387504,13.529339826391777,290.2067662587089,2.4568206307372473,8,87.92257646276914
52.5147283070671,0.03068296614848747,2.0080348441661386,7.335513578571534,41.142496796579266,49.41666112588087,34.505230389171565,3.155589225928589,345.86473618511195,1.8975035190056695,3,89.83680454527497
45.18310130560688,,3.845787153312235,6.997570786324665,70.4868531850856,91.00318802790397,35.51315621315065,2.8029657110931474,325.59748947584734,3.331965036890225,9,88.71862109202903
11.771732754080624,0.005987341158399784,1.2234195322173869,7.39372641185865,,84.69769100274503,33.280880386737195,14.676679124076557,352.85623370602923,,2,68.09319161819369
67.64768716919285,0.00849009782003227,4.18085160853578,7.2811399661960765,78.74629628090926,56.57713298146495,35.45547864691583,12.078108104711923,326.6471617451856,2.8666164051151064,1,92.37201865007822
29.05850487288019,0.0130519286908409,4.244603800809839,6.766808411485869,58.04852829774421,42.294081328605536,37.63555314429214,,308.835894814044,0.5110653718462028,4,91.79551067406554
18.98888827998907,0.008873387289718229,2.783604801923763,7.344476171715133,27.575884493870163,88.64757844295488,33.52696609053903,5.695630448372439,291.39583302740516,3.3715300614258688,2,71.82413087153321
8.058135616607293,0.010141784178513982,0.5287364227257512,6.693093118308381,60.57065372452604,96.47377123190977,36.82220364037752,2.574348228692141,317.7902133506675,2.7169506240783483,9,77.57200993671684
49.31697073911813,0.014969663265998509,1.7916715992871075,7.253959766792954,39.506240925901935,58.4064609387015,35.048355266879966,12.327891662392895,291.59738011453027,2.818394247416768,6,89.25209446273075
55.81732713817118,0.009495306169442986,3.27617113269084,6.904498634781264,61.17963180116585,88.03493436200824,36.27586857262169,7.462006805301922,301.22763409887807,1.5156330775750995,5,92.8872481780173
,,4.915337801123406,,24.178468889744344,65.5617816850353,34.30118298992615,3.1411305867932615,398.4803390295455,3.529190269012326,0,77.22876071997659
43.406979372446074,0.004931453537420468,3.343160871575008,7.294445352085961,30.492886230557563,94.18861949543559,33.797461312706794,18.665760597495467,333.29242682879425,2.9289492409159443,7,78.67457799180227
,0.02670105808894248,1.669116114788719,7.244740320094097,71.34423553434718,47.92937474046478,33.80231307135613,4.566638999016692,343.82461198060196,0.5391028194638584,1,85.40706153239523
53.38795928070874,0.021109444522493415,3.353025663948251,7.232024349045649,33.63077342141089,110.11935023725569,33.35245972821572,15.991348500178749,384.8342234484659,1.6903343341840344,4,78.53226132653421
18.077482175374357,0.049136552228521715,2.92993420872135,6.843743311278432,70.22246751457641,55.866863681902174,33.92823352450622,8.464144253838452,399.46826805888253,3.5568834116445527,8,85.8579167533317
56.820330357684945,0.006489906206234565,4.009304278180146,6.664735426441001,36.75656530726462,63.10073889805376,36.32109692494484,5.990409158165507,349.92573392136177,0.2840671366197781,7,87.5118449990642
34.00515097254031,0.02049492435324134,0.9814128747213129,6.922384143012129,58.572914603522456,35.22827568723148,,10.7342850271443,377.4968585253006,3.849524816603993,1,92.78967240325876
75.25474915525508,0.048504051230493075,3.924625561259126,6.738819611989206,61.64903441058986,40.036099108914875,37.07062842795581,20.433252853127932,319.23292292040105,2.748734016446295,8,99.79073192496287
15.314070810949493,0.04340984916880503,2.935699604042496,7.1559608711219695,50.759285188703174,,36.42567154937242,,316.6892748936749,,4,89.75066952536214
30.579976328769387,0.04103653147651472,4.8334640173654755,6.876879781230229,38.31864060180388,54.08334090551743,33.55215931705551,19.26770193185428,328.32444651934725,1.1551811003031665,9,91.97248473331015
13.510514093044181,0.013637238525202051,2.0384247471740875,7.380488160687932,32.75866258226577,105.1932203167975,34.445937231479746,4.886184826380466,360.7008715208379,1.0702879760827906,5,75.94732658633843
74.3520213708922,0.009373491782113226,3.3467985191027667,7.112777661876265,21.991361273745575,31.322404978945848,34.54903437661235,19.77374265229682,361.86300271061185,3.7740270560055222,2,86.85157817599419
70.80045150357357,0.033763517776297124,4.694126474795079,7.257984450907489,38.23678407444343,64.11846438047425,34.24978473198811,7.449466472852919,,1.2632625715130787,2,86.2145009416185
24.34562207863667,0.046539423467251706,0.9612937759580567,6.706019738193478,59.18976743187698,60.36109920921834,35.57502829854862,17.580041987444076,295.98519089639547,3.1244706572040974,9,85.09154336289976
54.49880345256343,0.02828138175768256,,7.289611585818099,76.29828910690895,,35.67776907439836,15.012975761342917,355.88755077586103,1.6331750130076088,7,96.43330126430631
66.29166501509118,0.029009021784025094,3.59548575035366,7.338205752410715,72.27226893578313,41.19315591004592,,23.370328495868808,295.39910346265174,0.6430908760603454,9,93.08187453654284
46.640060869959676,0.014718975589353925,0.8052667659732735,6.989649535055149,65.96388659211816,67.22784074267717,34.76894579368218,10.908417913432222,349.41910098751964,0.1417896610118999,9,87.53618602823951
44.723793376700485,,1.854336051260673,7.085002350200782,67.30684059519791,74.3578126002702,37.14277798953041,3.5217993431921304,363.21065536675707,2.2226036143594783,1,100.0
23.138921817533877,0.010165143679318644,3.686774398903767,7.211847840722396,59.89909420855972,66.38607725293822,36.94646424159843,2.4405761676788167,364.0733795673342,3.9055373923408374,1,88.13908701523155
11.98270758544244,0.01686028258380794,0.8030777066094726,6.73987090180833,35.61721145396018,77.78439105708844,34.53897915840373,21.01774690237332,370.4166532791516,1.5396311558558975,4,79.39912402941651
72.29118184649951,0.021846385492204422,3.11976707079323,7.002052861170754,74.43170184234978,83.56185074151134,37.5689422193663,14.06891966621294,384.74313058787976,1.4930501025728748,5,100.0
72.53135428724978,0.0258729085555383,2.0564737562883053,6.9189304222178505,60.243938714350044,30.893143901505205,37.76407508501253,19.830613192203835,339.9950790357746,1.4419573096128242,1,100.0
52.482609295495095,0.012878076888338932,3.294119829953647,6.7170991937297995,53.6264378588264,71.76856435081535,34.633712710150206,7.3917888002648375,367.62990274354854,2.1301209654889477,4,86.10691839647734
30.427234328652553,0.006627004412220973,0.7058391521563079,6.894027537833225,26.659368152808867,116.71493167988295,34.77212474396527,9.936926146804375,354.3007282439004,1.818593045354745,6,84.38858224327484
31.190718095949567,,4.421915627685693,6.6545378475083945,46.82333262838553,76.71290521165938,35.52817076710979,2.692389060860336,302.3967927757219,3.5316670442353564,9,85.56371368907755
59.44667591526795,0.015142897108772535,,6.620649525559589,47.62149627211558,90.97880407130579,37.70560406266837,,283.082757384329,2.071531087721612,9,85.06067357695879
72.28326949644328,0.029480672849708005,4.8599503487856115,6.708133031323858,71.87381657136021,58.06774721251949,37.381597165711554,17.360961854118706,314.14496628123203,2.080255568935418,7,95.29821166534568
71.5314818198838,0.008563773048435913,3.873433242843161,7.370492089271339,52.798893211267306,99.65922403374863,33.512839812917946,23.463717018464042,333.16404476051434,0.6396492194101707,6,81.76378086293492
63.49066593932179,0.02457586499088606,1.085388080587844,7.039623628716013,42.824032938224576,99.56293336885035,34.96365371635708,8.106417370868662,354.0527133314388,3.932684209550505,7,88.46183075986266
53.152373461571585,0.02709688219502771,3.9121843816806017,7.372657728922576,78.60801971063955,76.9166442888725,35.76685594874886,16.0636630581902,381.99511966038466,1.0748942743884358,8,87.8844196568267
11.310497374628662,0.0035393533042989184,0.6106411240646068,6.945998302664106,26.64323559957894,117.84124409512923,35.5156623627577,17.605499270730668,303.5494860047399,0.3861198630924504,4,82.10746385208925
17.122153557096034,0.01749360963150211,0.5995559818804876,6.8494529064682075,45.352905698716675,41.2995193286388,33.969315339684464,9.303643105924534,295.06597478781725,,4,80.46378618584282
72.39156413953094,0.007586319170009738,1.9562459861729355,,22.521480510284317,31.52528984006229,,21.50651240535949,395.6175936969193,2.4219288436118034,9,90.45751002469726
50.48217947446925,,2.698894356820996,6.951609350906328,64.39424724601582,99.31423905813864,36.384703914984186,23.7847136467057,292.9653471251689,1.7190680505717084,3,90.97599880984532
5.689778871247223,0.04950805138710732,3.9668333801350695,6.684531747409395,75.08459313194903,102.64399836283943,37.18954187425902,22.3516677070081,,1.7465497121346445,8,84.57032562841741
,0.016795338403761427,,7.112661051752165,36.80223977302937,40.81865062085186,37.29382139674736,18.998540446605567,350.2676474551962,3.1617492920810815,4,83.13860892754786
54.76263268310419,0.04068384784687711,2.5065621786953676,6.77283054600768,71.50050060794726,53.90245496627455,36.7417792683287,8.381687633673943,344.9649305088926,0.8632792963886313,1,97.52775364745823
5.379618788466401,0.013477392083424428,1.7313199982674965,7.095670363918264,,31.579712702996602,35.19605300624859,8.477168968429531,290.3238588439532,3.29898794388507,9,82.40422274640788
17.060603856312397,0.034393633388972535,4.9870602507097,7.120160873918523,74.64620969863492,56.39777497025082,36.05273377507712,24.15728737025887,286.8432296804343,2.6301137441905706,7,95.1219775733654
46.15503420249396,0.038251165134594645,2.417815860061878,6.721619882502918,65.23771421580705,99.58276865268044,33.801827030598716,2.2365434065209167,292.6580112953243,1.733982117740145,6,86.83253863450358
56.892139826952,0.03018629828978437,,6.649079701688534,68.29440661048632,76.6164474941321,36.368227087374535,18.469149384569324,350.27052206471353,1.8863116046770876,7,90.54897972256484
53.89709446269504,0.024107233238957762,1.2363071953625113,7.224609268854752,21.08039333602727,61.328603385145925,33.8962662786964,18.24366173877103,345.32138651611854,1.1009241080257737,2,82.74960329320167
21.820198209541985,0.02118020479321616,4.076642969374682,6.967840339015456,,63.456536541569726,36.46974795255078,16.32185944184534,308.04889504440933,3.033245897518202,3,95.89806586366808
,0.01809454506060677,3.621570016016699,6.64653103640438,63.600259524219396,30.121826314392134,34.147990803769844,24.772503459997914,356.532897021471,2.1002114949905444,4,83.77297408410634
22.793681562260005,0.04654692806814347,1.4934632575494218,,38.285065723168,56.98204748087123,33.5877565007511,9.17322702256568,378.4081002466779,1.35133271672439,5,81.12162457060964
29.40497736194508,0.04170035098159873,0.8707147052712921,,69.76367989153081,88.18128674741374,33.82642245071479,9.819352867244708,284.9894751815913,2.424595451467706,0,82.44138370376477
60.98685538385181,0.04828631862265912,3.562246859336209,7.156028183086843,36.891271904895795,117.67749994347214,33.00996067609535,3.815606267770778,339.7755932257651,3.98336436300016,3,86.50658154440197
,0.007090563950791692,3.4453004642651086,7.3869431402107315,72.36523037396768,106.23547442855096,36.593698089267654,12.184357140505961,362.71724945232285,1.79752289066056,9,82.63113492468673
68.69175578706334,0.03681250628497857,1.729667871491942,6.79134408337274,26.75482342471622,32.12354681809762,36.662005245291894,8.004116103401506,310.27743124836246,3.690696463036616,4,91.90964772919442
,0.046978682384230856,4.778886030126847,6.713799494949757,62.22115864764775,110.87045442073554,35.5746667495663,9.897894150085817,316.9325086351779,1.445565675705808,6,90.74899312759251
,0.009880420242117348,1.1797605130140512,6.697107951537943,52.44190859869462,100.48785719687633,33.80681400527692,21.195151175879435,353.63654835872603,0.31345755700744493,4,78.88229206092254
12.025607587106936,0.004258317100972098,2.4455066046917087,6.842620118054076,25.79206821172645,100.23385112138824,33.41777168755345,23.5161438111324,387.7522352132484,0.8965442148368726,0,72.29791398145439
32.57868522945751,0.037314911815212896,4.746271640754195,6.680836648808517,34.51362969553034,71.21961831032144,33.09564483218644,6.271860656119269,377.1909304363479,1.7329110589779684,6,80.24676086333686
24.89017757612941,0.029149182545815683,2.38877292616755,7.153729073355306,20.74424217663889,65.82047636590525,33.828740884826104,10.567705425729715,349.97562629195,0.9565762215188192,7,85.71167021894426
23.29922325343127,0.04224961006115533,3.373366764488385,,48.12607792787035,57.26241559498733,37.45427767491573,23.358502928654065,367.6266061308699,0.1008854490511966,6,89.2138590678775
77.97579160643342,0.007848846454688186,2.289174790832574,7.007537702519832,38.07591564560002,35.91253730589292,34.20768420850841,3.4215945958521203,323.77869642493584,3.668505997215356,3,89.68289460791918
,0.03996809828113462,1.7339684105690152,7.397357483082382,55.90144905786553,50.54118271443292,34.771356636086075,4.1242921465617055,356.91586337185095,,7,86.54171036701842
71.9034916382835,,4.927899415819227,7.251176215604815,37.83426846251703,52.19432714802221,33.526727422406665,5.744192751743276,335.9417909353068,2.9949397027990936,4,82.42554891048084
52.33539694979471,0.009019141200419523,2.3420030284176936,,37.99514669041908,73.56693627391815,34.11180652374085,15.68989518491812,302.79233637490734,0.7544769230195116,9,87.23047762674209
64.61084776562363,0.009049024098618654,4.523446416556105,6.845002896629289,64.5915919238962,97.26999659370246,35.59612285390102,5.4608622331379415,364.2085928652709,0.5694179472189456,8,91.94916315810806
42.69778198288941,0.04091416129133773,1.5347957265098877,7.099116669033311,22.888570158701206,72.64288455581519,36.038763415478265,24.26575677336687,346.77575648185865,0.3636585229422943,9,92.57667478965959
48.267791346976935,0.03359466381411381,1.4589711681128748,,74.17369971151923,35.20600045024445,34.22676157083106,12.274434126945968,323.03458983443096,2.9237138362143926,4,93.1826866713534
41.93882703641479,0.026630205813686848,0.6401033729803012,6.940866707112297,71.13583246347089,116.20108208893835,33.28866079612558,13.534913088053827,389.3607028094357,3.7223510466827525,0,79.390124004929
19.643224084853337,0.018582693722051624,3.432500714191483,6.704568301392159,60.06828099358439,114.8451887184701,34.955164345636994,7.673148163524349,282.512094139208,1.7790897015608442,8,82.44287317589718
59.1839086446129,0.04398282649984231,2.1583685467569254,7.309283372192374,55.593294206443055,100.66705888335676,34.171016854631674,12.83208580599887,317.89277814993955,0.5646486207845879,4,89.05147435506699
26.057927183064184,0.020229810263709135,4.389612124278367,6.959827719057058,73.53814988837914,119.21951114077986,34.09776961614901,,,2.0983320008552155,5,88.08114288394222
6.823697482359038,0.04101337253410728,2.629444580112007,6.755698009456612,31.119810771722868,79.00340995202367,37.799314013567276,19.277074149942983,371.98327794659525,1.4604444390886575,3,83.43345891230099
53.41042219303758,0.022517610519940705,4.856870425616248,6.894207480701832,24.738149731449717,116.64915152278854,36.08150242962862,19.338965902328,364.2528944936551,1.561817204964991,5,92.51509083723141
18.28330095552867,0.019470277041820472,1.3348648206640452,6.931303802023142,34.370610194572286,36.80445365550757,35.78439221586048,,319.76226624835806,2.5231894342072585,7,88.96480191308176
75.53439382646857,,4.4088042558002485,7.262030316453499,67.67469672201142,62.91126734352342,35.07887551761661,22.800274824858715,361.07954826484877,2.9030006417225893,2,90.1370930628939
76.54464327519405,0.015767515834042962,3.994685837562838,7.186891504449122,22.080216003589,50.284314120608926,35.14472166715072,20.800380488040517,327.51246714351396,0.5313540356053273,4,91.27012904399655
73.61482926653363,0.03763285962863631,3.969148300898234,7.215443914913072,54.968410105009376,47.624977572084305,35.704525019190406,19.412106638068384,370.7504549706921,0.2388019001452579,1,98.33751477478528
32.761902519158326,0.02563329911453148,4.301524526525995,6.608825011542917,79.7262509714786,42.67226540034085,36.482149035180534,3.2789269986505944,334.50203952840474,3.977888180474288,1,89.89397006353688
6.159246239665057,0.012378422062194049,3.924607959243495,6.93292319854381,71.34176563025237,,36.510730480909146,2.1581931310519344,329.47356733979984,1.0076405607706522,6,86.04701064538978
74.6238921940794,0.045079154090453856,3.3179914473413694,6.985075321308259,51.28674134261537,100.31896701725745,,6.886287375495878,,0.30993904714299036,9,92.16966351969718
37.11381112379858,0.01981066984728736,1.0906019495707442,6.615353821458445,23.818454557198542,82.04685594783246,35.50056376038314,17.2610426600094,310.10549198688403,0.8405137834740879,9,83.69678859744562
77.49911142827521,0.02763409019458544,0.6463678077106336,6.807850566996027,69.88241086314258,43.22664386293887,35.05979047517051,11.457542244298553,294.45368079958786,0.25193560075901045,9,93.70658857266464
77.27149828169397,,4.643815315170591,7.208231858497708,55.93871049063263,103.00113929401238,37.35263483134692,11.25534396388417,350.14517359113495,1.6280624890069695,5,99.44710778999698
68.975709160052,0.031587661799785616,3.2749264153433213,6.709687764583199,26.89597982357401,87.23592364473556,36.15709460609188,22.345498429281115,396.3186174741015,3.229366959360165,3,90.30852120167425
27.083666905218927,0.006728003994709839,4.084417809392793,7.028248105162073,25.631437089401373,64.93491355142959,35.66252033207991,22.59794550703229,325.3407056472624,1.4308533540551105,4,89.13238294671515
,0.047051774057060285,2.666850581806475,6.77216149761379,74.57760916619554,90.67172659824567,33.576973210894586,22.911031073232472,287.4444116354538,1.8323152868256296,0,89.57120055042984
68.83525036376426,0.03175769460049947,1.0278868503307752,6.609696619715114,60.152015776284706,53.39144813185496,36.028189446617056,9.21919575984563,320.7166320771481,2.734788416913011,6,89.81651103410182
28.769150386720824,0.01741037511819722,1.063336064911477,6.792961166079633,69.75720795900534,61.06729876447895,33.58601952840117,17.89428369300302,340.711798518347,,7,82.34113405004088
17.711956001456937,0.007824331560505975,3.5850437925303713,7.380699003928044,72.73873401693604,112.57372588187911,,,299.43076079586564,3.4596381754831644,8,79.04333427848553
46.76009468437626,0.0399072342742445,2.436376527047582,7.241229689506392,54.30634112289933,56.145405510427835,33.71420982407166,6.384026160712345,358.97226616677904,3.4775391326784506,7,83.09769530431814
75.21160806205857,0.03138356504049716,1.4023612701515153,7.367661315456827,51.04678110530247,72.2989441342143,36.46036823512185,6.246546518989492,399.7299266812241,0.1386517124154992,4,88.89234721218844
57.20223475062298,0.027139593506839758,2.712175460336466,6.99028323514109,45.82564461925941,110.11270236564131,34.031260569180766,9.868475279862663,334.20873711777324,3.134380595284477,2,83.65289696654087
,0.04480073656949693,0.7889402168381034,6.6877889589420025,39.01679526746716,93.69492152407747,34.95929686594013,11.8890252549359,322.5674268076255,1.8968610409425282,9,84.29236190821561
12.28823703280764,0.03964126335000201,3.1188713086147946,7.038367591178955,46.07575765152271,35.59829035482325,37.47837388809389,21.11183093426657,328.084500020136,3.956478111084286,8,91.1189908229157
51.12554200243773,0.008432069106904808,1.7104703199579396,6.9635018676479685,66.43277934380939,43.25727398510733,34.021581916994855,4.757495149872378,,1.9846050959141972,5,86.10343494235453
79.25403875781974,0.016274381321981862,4.089015952867347,7.275485666191693,56.11540586090789,30.705743169472512,35.53902531979389,18.903294490082565,385.99283217114686,3.94889418701436,4,93.28849701564394
15.506301142739302,0.013175967850908823,1.896628815156082,6.678466064627395,73.55139739729077,86.7829611206247,35.09635830583011,14.223463026354024,329.77907866256226,3.0428205087023725,2,81.36405285797093
43.87472392728026,0.03745336833606117,2.548490670868105,6.990592909617423,46.602800862751266,70.29060828693764,33.090620205228646,8.622742881547827,326.472929370981,1.0695590499918948,5,84.60205423224863
70.80298039459666,0.0026430893020531897,0.5522924295864529,6.720038931755187,56.425374723125245,42.084736581204794,36.963790567864066,13.334850444254966,359.16283275165694,2.1997404192191348,2,91.81723072578885
60.55764633156533,0.028924594558694512,0.826010995075515,6.859740741512048,57.87845318551932,116.21407089510934,33.345229531573,8.89866760487152,333.0440105117348,3.9693289939664727,9,85.66096829531978
57.276180574645096,0.03836047560129384,2.266221003830082,7.18988566191024,,77.6693751551058,35.37127510488477,,357.78801625694155,3.4443693702325024,5,93.66423646035835
57.6863062990332,0.043961516201325726,2.659724756227056,6.980814503495013,62.15802638513098,51.77039647016002,35.80339147469475,11.978410225670617,287.3735548156945,0.4797308857857623,3,100.0
31.961836341481636,0.017762005687079467,3.2000924665368666,6.900710628116616,34.246008102488375,75.05432140392368,36.14213228307293,5.781327168814211,377.6468012466673,2.8548507875589846,1,93.44424803210252
27.019388319837002,0.041241607928928635,1.8124816041918645,6.915581022856028,50.741826652747434,91.1658299461597,36.443158146539375,4.681410714781025,392.8604743455283,1.4477603848961709,7,89.73185615203307
65.70208666088851,0.006420955110805154,3.6274184875694413,6.967557414724789,26.25348816850086,36.8615296176208,34.26636191761357,14.574000687658993,357.8518463391263,0.12723082133335767,3,92.2236391839084
65.75850460093855,0.0424761622949914,4.370550787351421,7.228013235069645,43.07067965868875,54.72334335431028,33.04989388329225,22.755499765580378,394.5479114630573,1.6735757792052985,8,89.26797916643056
70.03042389350777,0.007246944454267139,4.009329450020074,7.313667751152188,49.26002411727586,102.62689417955943,36.61721831177456,9.911026790826767,298.1718777243956,1.015542244727388,6,88.35792012292376
73.49304144173534,0.020467077237457998,0.6782847140676072,7.364267749203143,59.13345557272835,71.36983833623951,35.67828299673789,18.859002466120334,337.28994273764243,3.293590155029839,1,88.58193952449066
43.350679914570335,0.04006747292319813,2.66228126266023,7.229522709004236,77.0318631551722,79.19194278290655,37.180588516036245,,352.21680807345365,1.4155893744984855,3,93.07603898731539
42.61372210153997,0.008345953940089915,,6.85232551659841,56.039063992901355,68.95344019885223,37.10694181450347,23.425763029118063,349.8083976905424,3.3273424064198864,4,87.40199933503719
64.87213842250813,0.012233318366399432,1.5892025713813736,7.150507764869234,64.61563497059359,33.95099483787046,37.216630838939416,20.88256339788024,328.1754134906852,0.10233196145570171,2,94.99217115576907
,0.03639037585126025,,6.9500824992443135,50.37596356971217,44.917480183814035,35.4254732998977,15.03192095482565,320.57012912395135,1.3004946851018648,8,96.50228767783034
57.64751579432775,0.03628179029075765,1.1412299430568096,6.803736497636841,58.04624188257988,70.09874748677018,34.66814197918433,,295.21888270605024,1.0405443358002715,4,90.57504587419841
64.68445020770758,0.03241623401137957,,7.2726972635407385,24.255932968026407,48.826691886713505,36.95779101295685,22.6628887314328,327.00909406747337,1.0109127081675828,1,95.94247144047235
71.75040063631747,0.035003473778887906,3.281700804431536,6.6307410791698596,35.26349485051082,34.49811257937109,35.25647056514627,11.1889320454995,299.51929781265824,0.36592781708530453,2,88.01591683685668
30.349636763865185,0.027593497724032214,,7.321409593708339,41.711185592308325,105.92846976466413,33.917210982017174,9.51627823472888,368.1238811790662,0.8297846546009567,8,79.24806282170115
33.1687214479958,0.013338153886440687,3.0184190756911136,6.969181971699787,48.349601300390816,118.30732762477042,37.27487009780737,2.2486549236095157,305.0597122593508,2.2666433225539175,6,91.99224411892835
12.048645488065175,0.017939103681692055,0.5439688133863265,7.109761181446625,22.738924730143026,101.38285865970656,37.41279938386174,21.010674706403677,287.0278366341441,1.2363081840672034,1,86.33420152340801
48.37101057471305,0.009898288123269858,1.9690758870979634,7.127483137764626,28.40144585319906,106.84064295342003,35.33154878070085,20.42255610927739,346.28393653806813,1.727839651083677,8,87.55119985619856
,0.04551407750534779,2.8297023952312013,7.316094192565229,,51.77794172853409,33.37849863654894,4.402453916303482,351.4275679263282,1.5697808333540353,3,76.36159115222502
39.91985135993451,0.029586197943539904,0.8953992461517501,7.109335745733766,78.29196145406304,116.45642779618798,34.93913044958465,15.267719766052105,384.62956735366066,3.5160292074995887,8,87.81850300397288
45.69834760306825,0.020641719421418358,2.0778211904413135,7.09114686780805,,,37.017688297313015,12.67157905783841,349.2377934901218,3.6306660961410104,1,94.68744856748533
26.49059390962133,0.023638284378562503,0.6494139895611495,6.653321632448551,48.92246348672495,115.6286829325649,37.50887014273114,4.730309196709563,321.45770244681347,2.0225321894578543,9,80.94260323722739
49.31249454267581,0.04741688364097895,0.8536032371975933,7.014726417556163,31.765862764303577,119.5337364569356,34.01736371248798,24.55306922239664,376.36142578315844,1.3876082062308572,3,89.20830231275505
7.287518745428708,0.00851421875268793,,6.720135200653633,56.6468042645461,94.05505251714439,33.33486806012636,6.938005411657175,344.8334671824905,0.5165227456092182,4,71.34330115361537
7.8011141561910815,0.029725261768823067,,7.1899470149771885,36.84099293095846,118.30293586126398,37.38675226566419,3.5463861420829064,289.51363415574303,3.8182712295901706,1,84.60555440697712
66.69504204947437,0.025788545265338834,3.0539338171770116,7.009777536650139,32.419554706305604,81.25858016103933,34.947024694894374,15.68148972854392,347.90206723758956,0.33488508511116005,9,89.6244164495141
32.014298105844716,0.030961257536297745,3.6025923611176958,,50.99435770675875,53.35876048584813,35.708804821337814,18.993933574059753,388.9622254505995,1.2608360825162939,0,91.86741194666116
14.529538448891358,0.0018873990072211851,4.102640145990873,6.633338320481907,20.33034794962525,69.32962970990587,37.840329060253794,2.7461992590853,327.55751505978645,1.2624581845630163,6,78.28761309052622
,0.043734071538263426,1.4006760991016454,6.667833612836643,20.45984195895352,83.42048418409074,33.33282363957112,17.15050569072151,315.559096227976,1.3495650159468382,9,78.23310363844537
62.74951648239581,0.04667379584169701,1.253671620165814,7.173058710450146,33.14412854611147,36.57734058243135,36.24159003726048,14.242713146883451,297.2163348421624,0.7407186887623961,0,97.83922716661762
21.18657706226324,0.02869152599587124,0.9705552815048011,6.657667468798938,,86.01089381555215,33.370527112874335,4.375095204126113,298.1734626322429,3.1543295806024187,7,72.34497444002245
51.71678568642502,0.035135890369967726,3.363936122946365,6.657005382212207,26.48154524784148,118.3060053086065,34.8773446423325,5.968049169766328,331.93257812101825,0.577741661667358,2,85.74964077156265
11.4010598745326,0.04620246967768749,3.679140769191055,6.60968678018791,40.331638960325094,47.10968848053548,37.019072725967234,15.063408838269853,351.4815788993835,2.576135970697335,9,78.51683233244951
8.876129087645577,0.035654693081356534,0.6421376517153892,7.365201118639584,68.15514077478878,101.33356046595449,35.167361163778175,8.816225110805632,289.6738486203522,0.5829995041526881,5,83.95094963898727
44.8515973676111,0.008474413102798806,4.712955108096605,7.190006687567205,54.32291860215805,111.71089144016574,37.98591176951475,23.58126175898027,392.74823068301987,0.37508898661253054,6,88.22007440854209
45.54763412075799,0.029238129648173846,0.7338707764316259,6.882601126801651,50.76006355738498,114.93314335381987,35.79529642473301,20.83102527813317,370.61603409342354,3.646775064374918,9,86.69394343482057
52.80724261236549,0.03072903727275994,2.935833508854817,6.837228465030124,37.6093293924873,116.41220439649025,34.60581076317977,24.622045749814248,350.3948701940395,0.8415021886429521,0,87.69974756542683
59.456850029199614,0.021782402893816916,3.6907723375291237,6.87976258379668,75.90522316596898,76.93136748493248,34.100556629523766,7.972429295859522,379.4126405126789,3.302875602782847,5,91.93693575272125
78.18890595969009,,4.419361056857385,7.219722824944945,43.8209024742315,117.95771171923533,,24.30364355435347,289.6224108174536,2.22406039731783,6,91.7686050882471
43.72252612258965,0.04678398372368173,3.7133911945959253,7.129096488856332,25.225566007746288,98.1579186420995,34.862666368797754,11.91837900520583,337.2206653279749,0.4036404264742014,5,92.08681376587455
29.221735470593448,0.04635285713243204,4.107776373814064,6.748156454293974,57.02399096706807,44.55042926132657,33.34356838861981,9.992932292216356,355.61117522339964,3.826247946608463,3,86.42614127024412
64.63896460765278,0.023091129198802476,2.0275258664426272,,26.830303608596083,72.9210095821173,34.84787099713387,3.1580391202951246,379.43834873419473,1.063148551268381,0,85.03321141522301
25.312418844655568,0.006548664246197007,4.166713011859305,6.678716519770718,40.71338856810152,94.64980578348036,35.32119259869612,3.2136009307708604,374.0163472059121,3.4526168468751655,8,80.13383207633177
37.92285655292271,0.0492572187491544,0.8605168087310382,7.128242175761071,50.44471632306853,52.2606284237175,36.61368876119403,17.916258886773058,313.248309965608,0.7583590225598003,3,99.59410681908408
10.884228600669946,0.04210600623585077,4.526674952272375,7.211498129777389,72.45335148111054,87.65536651939986,36.28364742360804,12.532366871982642,392.9056203471045,3.430377240353226,6,86.25478633872872
6.901305756159314,0.007108471378960076,2.964165692691813,6.812037142660003,49.61279482040712,89.99404311419573,36.543828276145774,7.209997398830431,,0.15159237033064654,6,87.29141785315717
77.19863110084438,0.04612125224825125,4.177839964831222,6.61675596882473,,44.64297694277093,33.041818409384284,16.121317045480353,385.01603423453827,2.0959437806209746,1,84.43227394580295
67.69850903841544,0.043624921741044285,2.535432280332351,6.665737333981141,79.56901033994421,,34.08833699790268,7.815736719752557,396.5128299525542,,0,85.61867099817273
57.19806545702735,0.026423064799177536,3.3960996283843623,7.374288027876025,27.889347193878898,,,15.28553034992172,301.2584227867151,3.745702518221855,7,85.19443881961797
,0.029972496351501534,2.8688119742125093,6.836355821981936,36.48389153117117,74.90060980823478,35.41994684089874,10.261801180601879,366.6479277044542,3.6458883312052994,7,89.35067547516573
17.997074005313433,0.020551132489636383,3.7921528478989934,7.215378518270507,43.674564535858785,31.08928050984967,,20.941701212071838,284.83426225335984,,6,82.53246098510961
16.732778200331452,0.0036833203022795355,0.8673349191376531,7.099730855083411,,30.813462217136298,37.02247321215911,20.876011697635924,328.6507390166986,3.5639462636790857,7,87.22458057090374
23.76821736234465,0.017424664840649147,0.7715843779575371,6.905551711722317,44.66126451593274,62.1326409573011,36.864047866451685,,341.95399590372085,0.8769567747645983,2,88.60963534140238
46.191999852959036,0.040339818981302566,1.611964553045659,6.764549809756444,74.4566601533933,113.35746615886038,35.74209581496781,10.068839514705358,349.6774271091561,1.2083187532757422,1,91.02093520523434
58.59469420250468,0.00122696912722554,1.2179510605093475,6.697109134527524,62.84195866801139,50.58091016432479,,,392.3124697898271,1.2269772471921283,6,79.4252480049293
54.51480325382985,0.017341459412866068,4.423026049664907,7.092010374431093,56.47431284544223,87.09273199845185,36.83257524766292,20.53143409036901,360.6700824753034,1.5705103309066255,7,92.76124419632075
25.995042270945714,0.020510265985956223,1.4864629431111993,7.219707024510231,38.562363071766924,,35.91856793865682,9.548128104345075,337.7533541463084,1.633950614502236,0,88.88365107885917
76.61489604973956,0.027332384543958223,4.891393651186091,7.1151234028329045,69.42742305327768,58.950299069359374,36.909799885789795,6.808365595257459,377.16100435190674,2.2237657661532344,9,94.073053976648
60.34226875218264,0.04607292520422527,2.0160310629699807,7.024241706599327,77.30363068909934,106.32378806413355,36.7587349619792,3.9478318631320573,394.06393851452907,0.7235310771291213,8,96.5644398391713
46.576553938355055,0.017970953723932103,1.3195306205991468,6.633560978745309,69.2718969530136,95.59752980429522,37.01501035978919,12.733941780341393,282.6479378418749,2.7958619887653584,3,84.63426492024455
50.87905596757642,0.018000706892915157,4.053643282141156,7.374791022075508,20.093906311488375,38.58593495818896,35.59004033202312,13.089038275156364,,0.7535095032875753,3,84.11453818672457
36.470004682084245,0.03713756115737767,3.4641849897539423,7.2389713533236595,58.18408221100442,68.58318188877902,33.701622590967574,21.340900339266863,290.33585668764164,,2,90.52564339418763
23.57982421258681,0.023158679103600553,2.7418807240391256,6.8342576293607715,23.068122886526044,32.6252787280738,36.35578736689844,7.0884900182594714,377.7264135122514,2.0630460093640006,5,90.45390865634414
31.69795089884462,0.012005636324059116,2.9991359792193406,7.383976263487081,35.456433220023314,73.28011319427081,36.10236892525985,10.762799294373197,313.6401703061695,3.2061181899415616,0,82.62336050626648
61.83845828482768,0.023169536290501978,3.736408002225187,7.081505271709058,23.571482020866302,89.61906105309612,36.711265935995435,20.59333199455489,295.86155893046464,2.9839300096310364,5,93.52297792706952
6.079511647231691,0.007901993998610194,1.5280463359908443,7.065938126565797,56.22772717696326,40.66523612383364,33.84940503025368,20.943343047226392,332.7826767656602,2.617583990001037,1,83.57157834246952
13.705448038018718,,4.9835026222553385,7.198458543543626,61.195394809556404,55.99964450182491,33.97487599950145,10.846054747511669,357.2747895337136,0.7075157162626636,8,84.77266230738547
8.450198151631456,0.02542002086423451,4.886569229660524,7.249415830472111,26.86925828395431,65.80529629519413,37.45204758609664,12.559852535593661,325.714221402817,2.233476847900753,1,83.86617832485638
8.05466017392276,0.02152734702572285,3.426465588561216,7.125182885865202,43.030332982698766,112.75779221904448,36.74988899226035,8.975575489533508,286.5478489939239,0.44104135701955327,6,83.83739354478722
69.15954380082555,0.045827449152336906,1.3979410291811531,6.70247659709296,47.374190537332524,119.39295138806676,37.54114244350161,23.44876220364418,351.935336759046,1.5717163895069381,0,89.26173531966732
57.774339453501774,0.018757301056715026,3.561027090940811,6.870614004795598,42.14318130565499,34.04201690960543,36.7935766058196,4.7288066120563474,388.288393133281,1.7127144681308408,6,93.42313818092002
40.56303718154939,,0.8248928404062913,7.34246691226084,27.26150002911158,98.49071311458529,35.98577652995151,23.47623672903381,325.9858439136702,0.2552646138384399,4,86.40977550315066
12.337562048825111,,,6.779692489475082,45.136867411248524,63.45516597621089,36.27066368513937,17.728928392212893,305.95993331569923,1.16855358793289,7,87.2879159710097
41.871190633762424,0.001641628372828348,1.6595729983004617,6.897733619070011,65.07068286850509,65.32123676065319,37.445639619700046,14.226159511794817,333.10928151193787,,3,92.50613630977499
40.510382808542424,0.03351333122881882,2.5818033053269236,6.945661506355357,24.26045987199533,,35.8940337725597,2.751158398043405,285.8035253258537,3.8191671705357892,9,87.66078883614263
17.99014024325114,0.00972376237661782,4.407226274337712,6.951523991755562,24.810800844914205,112.65837889308678,36.161956621641934,12.938712411906192,378.45851013763297,1.4740755115849034,6,83.54036973476589
37.53887369284798,0.0480924455560033,3.772260813948386,7.0903516659956205,41.28627751015905,115.58357350522935,33.782383580018006,11.378206415062843,379.1608973140224,0.2680904248984638,5,89.36639983065231
34.887855079803,0.008284473659902536,3.8421793453999147,7.354460670195767,76.5035426971355,81.94103274344887,35.36960610058051,5.708032675427819,,0.798470263379908,4,81.30690496729841
51.18875735391624,0.021316582062624163,2.4147200050163393,,60.11435880337484,62.14090433704526,36.581985559790496,17.09742088051511,322.37234667260674,1.6296493943908066,3,95.89634863121377
52.63202381507328,0.005182133735853549,2.056707466461333,6.697201101040735,60.72019740035389,100.87941772729013,34.354713491581826,24.336470869470574,375.974003733494,3.7963408220799963,6,81.25709363635575
8.397800732903338,0.04984683834045142,2.1696744334307123,6.75797639188795,41.715199450271896,52.59012449360702,34.01127090262268,14.930342654484077,346.5624429746041,0.6506763477950211,4,80.8738466821681
,0.025607555506230888,4.94442303681226,7.309539920167416,55.619647472512305,80.7666625950166,34.569134041122076,,379.11187702600193,3.0777117903060276,4,82.78226847466635
51.93949367856773,,0.6804913613561712,7.116648650124165,20.607871041664602,,34.20750313996417,3.574360409018386,355.77505510996247,0.5238619035612991,0,89.53895633627546
42.735219393506576,0.0042867473920329465,4.401641732551019,6.828725431391328,58.165762784572536,89.09679663370885,34.07456318518198,11.60634090379088,374.12865678553567,3.9269045518259795,1,86.75892324967843
69.23673808912417,0.037748063049559716,3.1040393385757703,7.252757551174894,74.7972168545742,51.635902160415625,35.12425421434043,4.676245158783405,351.8275591861312,1.5883043465256264,4,93.2754933624002
54.40202237142088,0.011285374061683704,2.4737693863531574,7.289095997090749,56.75440810068915,47.24336511613432,37.53919256941767,16.09430421733974,329.6969281858799,3.1234147017063183,2,88.74648021277022
17.220082031107225,0.045004660182594976,,7.277211470952222,72.42191560798071,112.64151780078933,35.535298233693595,23.585089638925556,,1.4361052229634141,1,90.33630640288405
10.29265605503224,0.011051842383618352,2.6900102364111627,7.335141226911643,63.43838332796563,39.16233146545832,33.93960190407662,17.22088784684769,344.93365898546136,2.5479086209193538,3,79.44263957734616
53.18144586547367,0.010343698312519661,4.430404571367473,6.801792816138689,27.233504984221415,,33.38485834690437,3.766470111231695,,0.8488627304861432,3,83.3200248725663
6.988348290621635,0.0027909337245566493,4.553158388050663,7.204033542997022,74.14719843715051,49.8767504666708,36.48078072568963,10.157322714656905,306.45851672976994,0.6694819752581539,3,88.76691499368137
48.93316859550975,0.024131280310389965,2.397744170930549,6.968431597819312,23.986630661346492,33.50369669931007,34.913993822181936,14.665257727139585,355.07809473127315,3.758450144315712,3,90.03202250593198
75.51726810687182,0.028677215529868207,1.7457250875577321,7.273598842312049,52.03804835286583,33.24169364622838,37.1091547329268,11.2737783910648,348.59291793795325,3.6788243838272905,2,91.36210762107935
48.16056334069092,0.004219723331989266,3.16557647867013,7.182792541729291,28.52822742760746,45.76995948952446,36.29755384320385,21.173812240928964,302.180607753643,3.5611288668302414,6,89.66982197463139
34.11274446548914,0.03900085321805552,4.605635055275109,7.22115795719978,20.702396643854243,108.00933190554002,,20.737433108329753,287.15045168237725,2.5391904556497145,8,90.27640962471368
53.24661638317649,0.023211152902653354,1.4479798505254995,7.124929470144857,45.32205560765834,55.4230869579324,34.35973019709225,16.07211346237409,352.5231183657725,3.252246023743485,4,84.81299146727477
39.368966786863744,0.026695123197051425,3.3033496260356725,6.741943015575766,37.702442459249376,115.54132535177662,36.46179461230529,10.58953273805222,371.64307232203845,0.3692440539543621,3,87.69042704233568
45.92125919869512,0.022597374599973182,3.3420209904163425,7.036021535117551,49.16002962785618,82.34600636902742,34.32030992346859,7.872736596554615,342.808164510641,1.4056772633736487,1,90.75001566667831
75.60986065823938,0.020637389982890976,,7.3877357916196065,,69.29527707918895,37.69534239725146,4.435109318901974,307.2127150383575,1.3234421865529093,1,91.73302452407036
33.95769783505807,0.028422376234102677,1.0920545830726691,7.349910453197696,22.62434433853684,82.20799512025091,36.181871407666875,10.162646720190743,359.9826372031642,2.5790167556151915,4,83.0572285551684
77.08929228679357,0.008606772050604913,3.7212123410693985,6.634538988637609,27.38019770742474,76.5028546703641,34.62255900087671,11.50296789577755,289.6126871931523,1.488235316535498,6,86.17278199619949
72.90129814670478,0.009914478394268286,4.5906463429953845,,,,34.34755931146136,17.543927277393692,333.02004457623457,0.6791764484103551,9,88.16164459582197
19.684335109197235,0.04322749542966235,1.3085739899160889,6.70538301876365,40.59004119035949,55.424645937556704,33.95463292535822,17.13767595884419,299.6040110078104,2.4262215941128207,9,81.74767683095085
10.202097565637409,0.047359657644548005,1.5689449621574494,7.180783927988236,63.75040925296688,61.77453524402721,36.473204794468636,3.6124872117489097,302.135086127186,3.276097290609418,8,88.4236456021048
12.558350103307,,4.871277923187378,7.254228263885556,59.13749891551638,110.46848722799257,34.093578064989636,11.09096425491663,304.27527389898444,1.5902816283938954,6,78.89960395460825
6.3666369238662295,0.014266488984034136,1.314396287192704,6.770809093048538,70.73626177939441,,35.97651632963745,6.180913945999324,326.40484684527735,0.6158479888840787,4,84.30440879650065
12.08322205669463,0.032555977618711776,4.344732920163106,7.004682154361463,61.54956960015352,110.33024047378271,34.32317513462679,5.606692222286531,286.1380246744477,0.8670839695200099,9,82.02779933812646
56.22550800622676,0.021027974383806724,2.7152503540161566,7.27256242240896,45.79586464340889,67.75031945615822,36.30984472396934,21.027949443956658,327.7352129114918,1.0261848901605977,9,90.48660576175698
10.339148634517173,0.0022439314273568984,1.6125398348142967,7.186241235813001,60.377997343665946,100.23289527061935,37.0746986427027,,341.4048936537641,1.2696006126786914,9,82.30102878874591
28.923172272032097,0.008651477270943328,,7.033789764393479,36.52287045532511,72.87021599709888,36.890126215723264,11.641206145748791,337.99531419595905,2.606900774974606,5,92.64511522522756
68.36564832270909,0.036082639213522484,2.5038736475119947,7.072278152367018,38.37880992669276,74.7785866931492,36.80425665465391,5.868684082629919,325.93409204836485,2.443687389697104,2,92.30226150830609
6.745395180186939,0.03328727315359742,2.8166780926836057,7.006688437533024,67.3391095952476,,33.93861202846126,22.224594960604904,380.6975929684903,2.814711460111453,4,80.95633906741546
66.08513619417019,0.0023277036326706914,2.1165501622989455,6.838038761055056,46.78517098409493,83.20172729326649,33.441924734922594,14.811931805325807,297.4392030904605,1.5137577396729014,7,82.30962545731238
26.139108108004994,0.011876635934714525,3.1682788314571733,7.0520175942872125,67.90282043110115,46.75223079780132,36.49474414243693,7.321754636667505,340.68360925376487,3.3135908423319154,0,86.74307227548113
13.862362071624219,0.0123226650328155,1.2358574266326023,7.151108241640072,69.3453424200967,59.84082291604744,34.841736068971755,13.555827604826657,287.44497003478654,0.895941878507465,0,86.8541845707552
57.255287402311296,0.03392274443633769,2.259866914932923,7.298658332688646,71.45374025967703,106.95271814579417,,,288.53868146534916,1.9292589153208004,6,89.43753948185771
52.170713508491296,0.0019658163499638435,4.862355450508794,7.109033083183398,74.99811415047245,48.636822828976975,33.15574546396696,24.03671420514698,348.86390196125154,,4,86.701365272387
,0.0061013205172441186,1.6616004471550738,7.208897229634527,45.859113230797774,36.404245665608954,34.297882246375245,7.070258097644635,347.9222109865385,0.8026187261572151,4,88.39677479026123
60.130328285291434,0.04019588818328628,3.4553149904358147,6.728057307963658,39.13200909926833,36.21068333515347,33.168382019372324,22.382180758974936,385.36402154133486,0.5284661435890535,0,86.15651958274654
65.26106977886364,0.009748688440662349,1.963355289011127,6.969245979535832,54.93192479564683,114.6706068452797,37.39592886300624,23.488994625852275,,3.54636747398316,8,89.47178130712065
26.152592942847985,0.032984559284741866,3.980629065589703,6.607465295861674,42.270345406257654,75.62283941656511,34.21698341609265,23.077672524237524,395.17492244858204,1.437425684760864,0,80.1607870073019
18.30796578347921,0.012670956271289599,1.088931473232574,6.797343091617298,56.06445000801398,66.84708646353165,35.78668584786504,16.614530207823925,285.8433818079916,2.7670934871452246,4,85.62081280183604
61.296106373064376,0.005872628245207913,4.864194702853451,7.181169372090404,62.33515175862948,102.97907229071266,33.19489660330565,16.485875051998278,291.7609221736889,0.19885955662936006,9,83.40884222868277
65.5126054450448,0.012915437358973252,2.5420529362263764,7.393447961079491,61.30430110952821,105.22433351194644,36.33423695652829,,285.2879033884458,2.7911828647968533,8,89.20515167274966
79.2878856500505,0.0363910796609273,1.5622270850590878,6.6793424796697725,,59.89719298040441,34.615136728770466,19.305151292987123,302.2332220400248,1.3327951150331852,3,90.48074061997666
35.946325768356985,0.042929126937208004,0.8307353629850569,6.92119545268903,30.01161210192517,92.42562517264157,37.489595934788326,14.219762422071435,344.9524133130014,0.3173893289910228,7,91.94465231761079
32.901356434458734,0.04168077336378259,1.2639105728939333,7.240056774959328,45.83176030773245,,37.44059094467018,17.581075638250773,,2.4782697700376564,5,90.9865699470095
63.230972055649765,0.020461992951304287,2.8389827685020794,6.7632285077031185,28.555648644914523,88.91856181793591,34.62645309180874,11.854531788522296,285.47021895384023,1.0391348826853757,2,87.31031298246067
30.560265518976337,0.033736171691961664,2.016514293940788,7.044067959441829,73.4058221110285,43.643556732008946,37.50480447845234,18.8244186729922,393.5165067814719,1.608548244002332,3,98.06793428537118
,0.011044230475375227,4.229975146471743,7.18645703682374,40.75264764427145,108.82947751653514,37.98078836749389,20.962844904904628,381.0598451980457,0.414265167917403,1,93.01032710594474
69.38095638822588,0.015364238782789651,,7.092788360208143,29.267584833399425,78.51850974624078,37.12707832061974,5.368033901864771,315.59349785885115,0.6739366792702868,0,91.2512276824535
37.17455205312638,0.04492045510753487,1.6192142266443346,6.750419787692333,21.526865594345054,,37.224356738776144,21.157383458207246,289.26250362717616,1.2621112184337908,7,92.89858250127816
61.3153300843623,0.0016370942520260658,3.2771524397181353,6.884307654948591,58.749343177189054,68.27053668939246,34.24504368054545,14.426820231177066,,0.4500620521846128,0,88.36176676076494
61.59071555635118,,3.680497475984506,7.227033427588318,58.2141390472846,33.38139813590166,35.88351199428878,21.42731590907516,295.2333296505967,3.6522224322766292,0,90.42514253766716
12.734290162694945,0.011186426502155337,1.2516885855542743,7.043381211305613,40.4362499948775,41.50801211001758,33.33627956983684,11.919939245843336,294.7940535158736,0.12358346841751583,3,82.58323214018361
72.6914680009675,0.002300077989817166,1.2542864732974295,6.60418369083433,24.30271333085906,98.89920754642748,33.47458968410835,10.717931163809805,342.22740263988806,1.9870548535708146,9,74.79107496761888
42.89392793358929,0.009890336319400068,0.6650214212009433,7.208792608022475,44.577733693713924,30.001047127982954,37.99446306016645,23.046396847896116,309.501693099208,0.5806650867169506,9,90.74232448786339
66.98430995808062,0.029569036487514917,3.813809067795382,6.628249083952191,38.67304970380361,67.4909245634063,34.633196247129554,7.77689315361323,322.97676598349733,1.2999484489639994,5,88.54892499585355
29.00372007729588,0.0216498029790324,3.4871203742981227,7.196587026184986,60.627238384100565,77.02591629770296,36.74091956024423,21.41688348158129,,3.7116322832912356,8,90.13617864154146
72.16424213721504,0.04474091384277177,2.6358389408741623,6.76198444813219,56.346754967161424,34.917097800087504,37.03332526513408,13.132473167716295,,0.7306087577685487,0,98.43427231209544
34.19012590506223,0.04105473452518361,4.298767020361387,7.366458784095505,,117.57703466750996,37.29011635503615,13.824195178678973,,,6,80.79342969811746
5.812823861022377,0.017749050233195923,4.1255156882752395,6.894352601041668,33.0735532552994,50.35127981247047,37.98814148701078,9.094770474258134,297.1067866039739,0.9025980702587446,9,83.05382333938904
72.90364823144478,0.013711748238133332,3.134094639785385,6.8615452930704635,79.28215796933551,57.37788476726528,34.207482426284336,15.17997061423736,325.8567369799083,2.9921078230206355,4,89.96739179513011
11.846500758960017,0.01960492800019608,4.407220762309664,6.719110440265956,47.24009727176689,57.35482610295246,33.2017541342985,9.47985751435286,,2.2320413330995157,7,77.10697981843754
28.948522819281116,0.02992445218322558,1.4262854451654572,6.844483372392172,61.29645414681422,50.73749959056149,35.05595758997293,2.903196527558003,289.21096742664855,,6,88.61858827611837
76.25464752881037,0.014135118400320938,1.0036382872897756,,28.433178054701646,30.132643987768027,33.65040334914473,8.255967922920188,280.50249323535496,2.2605736964622105,3,83.68154484708806
76.2955360203167,0.031583296484607566,1.7138732518264532,,49.13538197956387,95.64103146791967,,2.1467179983515856,360.4521200556301,2.1847809547096038,3,78.44306503895375
48.007841609246455,0.021061170957370784,0.7568908524019169,6.894647624405478,21.652203192167928,117.01609498193568,34.80213413570743,24.502160102307702,357.01834201617226,0.8622862014367595,5,88.08296168265714
,0.028050311861747033,2.890262876004644,6.958888504763634,50.327307074627,50.18641349565405,36.91869125537618,24.212185825854192,329.2946571999534,0.748294512001469,5,98.44222038958226
38.63341414837398,0.022370199927630518,4.7147256153273265,7.17765675056219,77.84104442706214,89.67424726230801,35.830903456125355,11.088571841863017,338.7572891238439,3.6743076893505053,8,91.33033740982074
26.99080787735484,0.015428822217553966,0.6770459330082934,7.30895662437206,43.05240277914801,,34.56388994605177,18.75252964981186,329.85316007105075,1.378568975515133,4,79.92894474249003
29.649840902743698,0.04747421204114568,1.0494946130451206,7.074435467349428,22.339760754494694,106.35828411814722,36.2717100274636,9.953540263439773,282.88060538138666,1.5511207943552943,7,93.32009701153667
55.43888420577788,0.038416683913828284,2.534895627275459,6.913220558542263,21.85734745516061,68.03662773122483,34.16009090154405,17.43514261297745,320.24459274609546,3.0633122678707148,4,91.8694962440774
61.428089707826004,0.007865545612556174,4.702437578875572,6.930097472678899,43.27920559681217,57.26378150763863,33.071907230360424,20.524890990057518,301.24987064767475,1.4214115814489487,1,89.63247837227286
64.36842827943863,0.04355493081899773,1.9227024723953772,,29.601496187791643,59.2765620620728,36.821766932182136,,291.81090269216423,3.8130435418921107,5,94.52181889705476
64.22136070959155,0.02488412871422617,2.782556639097766,6.602574610883423,21.401125779691156,94.13591997886616,36.118715424320044,11.204882344542456,394.806452066722,2.9779182990953212,8,82.26983907087775
11.840457728651778,0.044833059117810485,0.6870778657267644,7.095671469967873,65.37281683701062,103.51015198550725,36.8115131225048,20.015853607989097,351.9231670050599,2.429974046036338,2,86.42313204190904
42.08152285269361,0.040192907541418445,1.1675444043293999,6.884394408353086,47.51138053291344,46.34525709809424,33.19469008343833,8.116354364538733,367.43875410839235,3.5354911261245348,0,80.33154886614236
9.316907001248321,0.021835461718992442,4.939835553314811,7.235357865021667,37.35468631835927,63.38469073419887,37.185598139153264,24.777642987253913,317.8436491919341,0.2934630425629827,0,85.00357969486582
46.21466617428017,0.0021009961076857526,4.843034133962205,6.674392511858505,74.00499098098885,111.17461770742351,36.097631000181515,2.592700771580076,327.17765553928183,1.1025444995379141,2,85.03065287426415
38.11478760300328,0.01416519060986236,0.5222299142048432,7.0705618135587125,26.968337612031537,102.60241677252652,35.8169767535632,15.881162549525781,308.4308792676068,1.913641703461549,9,86.21187806041048
71.57781370687248,0.02754007651838248,4.783153034404576,6.984778311908899,77.35512973731915,118.63725624862282,36.12307024057266,17.168637577980526,291.63588051585094,0.985216303938932,4,97.54365182384319
31.3186259414059,0.03204043277148122,3.376039720169752,7.113860420724182,38.83800304264117,97.88234337138726,37.32216623434182,17.825047812704963,301.48379649299005,3.0012302304783924,2,87.36820439717141
,0.013636496586226912,4.4056323253400995,6.651882875586375,73.30422033852088,65.387568092513,35.93468253279453,4.768914312149047,,3.6849113211095283,8,80.80851345749004
15.72437615396269,0.007828447629568382,2.546329350352366,7.063987029942505,56.17657258876769,83.1574050595174,35.904751899440896,,361.3054966220531,1.7527034677306013,7,87.5790303726381
62.113297378810415,0.04191158160316566,2.820182128606626,7.049187670367619,69.60244158448924,89.49128288225883,37.95339578532883,6.167215418151905,345.6314651182572,1.4343171404363904,2,94.44754651848504
51.36635474871958,,2.699809611156141,7.0485280755329365,79.04078979262786,37.06102346854116,36.78365083534284,16.323328274516342,337.0107847440122,3.8500478553365083,8,100.0
12.584200709209268,0.026758818932831607,3.5008891589574693,7.082790133277164,37.30432626912474,79.00472631934787,35.211469027255674,7.121549819830954,390.6921140387349,1.8349244880274094,5,87.1763197772481
11.308010458624807,0.009412285006566871,,7.14117434978109,77.66812912445558,93.83887456253487,36.53698500016464,9.06597759148923,288.7281937334402,2.0072887617522044,6,85.34336410750785
57.572684859434,0.014343058999449078,0.6348811544270507,7.243991199744616,43.36891369414522,45.058917360095435,34.946152358458946,14.56854645974686,313.67209758854995,1.471434502133431,3,90.96510240580791
10.457225477314514,0.0019011431508258701,1.8856847371603591,6.815856576102571,43.130714284215344,100.25685456830014,34.1443773124175,11.59544862698526,321.9925424284857,3.6472390447473395,3,76.77560092597035
66.63950444677673,0.04580064152146445,3.6710634323149103,7.26003952814405,40.42322625527034,82.53955024627004,35.9842593844388,5.6851888224596445,373.89109746553453,2.318926384799218,1,94.47323972960416
57.96816703673721,0.006769803061616916,1.4083405345532676,6.998604545810763,52.48445644085511,115.69996071278352,,5.93153725567951,399.1017544194366,3.072480890008414,4,83.75901238828557
11.101158548142482,0.029249307300198427,,6.6616466233074645,29.248702590709225,33.81800683862025,37.64569760007731,11.617330127744392,308.88046177085835,,7,83.79943322355385
11.362828556389394,0.014428705813673094,4.864604207482717,6.646840743395183,53.22268912148067,53.87935237999203,34.70952639052745,19.417508500336517,384.9168800964497,1.4332112634773069,6,79.62118995590689
78.99796838758816,0.02815472212327388,0.9225532210523828,6.867390654956848,52.50228874460024,84.13984913698417,35.638387331108476,22.653186877499138,379.67473125181493,1.7914078921494823,6,95.64401581076024
33.07030968170902,0.032919599029241346,3.526709532013068,7.227917581689174,65.7141087562922,56.69039209853376,34.058179492849305,3.934936231965805,306.958887717012,3.409039920184432,5,88.94512031235742
32.798161030016814,,2.4968759868705703,7.166144747792733,70.01899771625514,94.2981747664118,37.97815554749442,11.041389873866224,327.91990962390673,1.51669587153566,2,88.92139320404173
65.95996754431269,0.011114642316269557,4.406640144698774,,46.42648101874544,98.3104754269738,37.90558953933968,4.305647965626163,329.1607443151023,3.19634702046222,4,86.92822773149464
76.04364330378941,0.0015387956042655433,1.2971740525132365,7.013815245153287,38.13999496108963,39.2264367659827,36.247544648537236,2.3816270545497513,397.386480223187,3.7698700580403046,0,90.26953742231794
78.95007978671532,0.007707395873371557,3.61681678501774,6.9521591983643924,35.56009383902567,,37.02207029838737,17.219529700811,301.7070281654678,,6,92.85595702396375
61.50336389442062,0.045100913450557154,4.271518803416496,6.717962021365027,31.677430202292314,,36.5755008064185,15.856337165231519,375.89895653257383,2.9923464210623667,8,92.88116201887237
33.219468914818684,0.04382061380056325,4.750763987633104,6.862554202887449,23.45885493194149,63.2352693193987,35.96579109519734,5.749439617742382,320.1031257007732,3.239879516960426,0,90.87940640252224
11.262553752400157,,3.5746161273034063,6.9472154929391,40.546878730082796,113.96323763127049,33.266739984944486,7.377695161140474,367.70444149313926,3.3956546306969058,1,77.7689321638922
63.28601869455776,0.030425326161249017,2.737286438037923,6.670880343743693,36.21486152784699,104.47556878858991,35.27382171276331,2.545278333823923,330.40132051547954,1.6407080176415043,2,86.44588107918335
46.88031873018538,0.03358679705276652,3.2803125809054623,6.776489562168969,77.98504315198444,,36.37393151083705,21.203785730971287,349.4031715739848,0.29992749078639286,2,92.77676219822769
36.81665069352322,0.009593192652549029,4.410072430154232,7.078580235250991,53.462529575002634,,36.38765806941842,24.417883709116683,379.9134127991357,1.667317457823284,7,88.95339096788784
,0.045806185350323034,3.0677438598747337,7.188530491391352,40.83662234183045,71.55445294318072,34.865613092111914,5.115569346277889,376.4998677980661,2.72764929615795,6,95.12529762500316
13.339811172961351,0.021519755719711584,0.6367417686357659,7.39867800911436,54.82805605962176,112.88950689869183,37.70845993329015,7.323929916601856,383.97078202476405,1.8563665045450919,5,78.32155660876454
41.946882821814434,0.019773787884225378,4.6892691297814,7.346490665074846,28.35180208074173,92.51358845279569,33.836785161183904,21.973419050779484,287.15407904135907,3.0209562883555545,9,78.41416279032339
5.85152335755643,0.02642696755885904,3.602870379642025,7.114052159628153,46.642624952132174,95.60829554902348,35.5017972310778,23.308667352992252,363.0460663647694,1.4922314749277892,9,82.85083820345244
40.14954814955947,0.0033013323719776975,,6.936998442635257,57.57405928526383,107.55218134086107,36.45441988275412,11.651429804556638,296.79848520661153,,3,88.8256495054757
9.222745676137801,0.00914788506904789,1.4705381857897273,7.1089418917665865,49.33386990754708,54.66644304079719,36.48567902945905,3.164316862188705,329.8982281622093,0.8270372389305009,8,82.7406250646979
13.911343720105394,0.03716364720489215,3.4649846160469573,7.228521294464186,44.10672803925945,,36.243194783844075,2.906012174934846,345.8306098065626,3.0225408029153322,0,85.73841520314066
13.814468508282866,0.005057134728331197,,6.694668952738709,79.63090333398189,47.57165426608428,34.3764410672593,,328.32873816961967,2.228214278370801,1,83.61870954221953
53.690772658704766,0.030554453363853023,3.4305483966867145,6.927923911757031,72.81888572893561,61.0807757020399,33.78103284343311,11.036587504543117,342.3534010963609,0.8958511153317422,3,92.94302340735331
60.95336594490675,,0.9796686363859582,7.271841828508494,57.40435748956641,60.20494088428585,36.17970163413355,,399.5831570558343,1.2384535766414484,2,87.87466121728843
48.75265738228697,0.020075485088056854,3.460303870713662,6.907066361546435,54.162641670936964,118.06729215502266,35.99651058069719,15.414805023188805,296.22607764554255,3.019573963469146,0,96.84298648845109
77.16294113559064,0.015145993101764295,4.997361765968,7.0574978169817495,,107.08835013731341,33.89678005144621,2.2599583415475166,361.05472544037104,1.9821448190799307,4,88.3430247627091
33.115293464277805,0.01842796310678251,0.7169541748725021,7.070215488689759,32.078726469345995,,36.52569572785282,20.109555037433278,327.5201159662738,0.9425226175329816,6,88.36703757141856
26.428406471139557,0.03623324935402803,4.897283828995928,6.747581002506911,43.70826459585912,95.4351085453851,35.275859958668285,9.047954922177546,295.9611758688795,,1,86.14142288358389
70.14493461420952,0.015558964065535575,2.3310858232529177,6.889788353321831,22.36757197345396,80.5865514962314,36.33880295801576,2.9259340692123383,299.04841160491713,2.888987577285863,4,92.4338055585175
21.76968788895895,0.028753827374547965,4.418390526517666,6.867609030993545,48.5327622492096,115.23816003976671,37.186835398850754,15.532101082612526,393.912772749474,,5,89.3221482544955
77.24169045804585,,4.02073467826223,6.620957366825651,52.58147503745979,74.66328775941254,33.848642142884614,11.146741531960258,385.5521796054114,1.7657096769053386,6,83.7464345254768
5.911585601736226,0.03351988710276976,3.051573174440005,6.619353411113084,33.664984166192575,64.2465938882905,33.09572433998418,24.397409507214437,388.8450352498026,1.9528913286977099,0,67.29026446955243
77.74091200307292,0.04690465722691314,3.8230214416309694,7.265357634940619,77.84173082993082,44.67318032384319,36.895512931978935,14.51656923758515,398.9839330992864,3.602025343121575,6,97.17738698511566
8.236993396293208,0.036896032763302264,,6.81845664797825,74.56727665623453,100.75850870349522,36.04848712576308,,304.99784680102215,,3,86.98925482610653
71.83573352735533,0.01153207855094708,2.3186314474296483,7.014463012991053,63.32859412735435,96.09995388680323,36.49819784811061,18.317093886581418,322.6527204836874,2.858387756432102,7,94.28471849175078
44.57758318147249,0.002527973618002949,1.971649227034574,6.838980458871018,52.00319772592175,64.59195346717215,37.190774874943216,8.244316058482362,360.306283590984,1.0834742222325668,3,92.51032210750544
,0.01385093817069143,3.5041702350361312,7.352543396092273,72.19814957886109,32.26740725633064,37.014054674122505,22.797595702373997,338.05630478327765,1.8422332279402982,5,92.45307935919861
10.534742355154915,0.03015881860431249,4.135306738735664,6.8074374070926185,27.839140629407773,105.50975949462097,37.804600734644126,10.618605321669659,330.2067440054,0.581454476660385,8,86.4889588418734
46.539071330099056,0.003519864860728267,3.930283106494771,6.943725450191148,67.4305876564931,31.027618510866628,35.67967539426059,14.64697694385272,322.9373499202712,0.9033221399201505,4,94.5089554844715
77.69769017143243,0.025321946112860583,4.090161419863855,7.298184200387682,27.489248838010898,93.33298016661459,35.442478163299526,3.163181387957264,351.2536758332143,0.10367931954376125,3,91.9803819486954
44.23233831276116,0.030245299596927573,2.4601249166581987,7.273546853433447,67.65263975296432,117.32313987534513,35.00943599945365,11.800788472901308,349.07121143680985,0.25313370142977487,7,86.19405180666735
52.20489786014469,0.01737795065003108,4.180253972787597,6.748881134277021,36.546054095081416,69.3895195333383,33.76845521422102,21.144361412202883,299.3749400877088,3.911406910390024,8,85.21511976867755
57.18115167384629,0.03877469798354528,1.040940749167738,7.242114647836568,72.62543486109134,51.147606449635745,35.86303616441011,20.529922523356866,336.6087805022127,1.045179411033373,3,95.86544232050346
39.090579857582995,0.006223314403554819,2.950200940823823,6.9665495093903145,76.64252562952387,93.43839090390435,34.38506262162989,7.159326853631104,346.416613145182,2.6869117670656077,2,86.76077485429448
52.06685600630476,0.00468175130505463,0.5259139722415471,6.986375097668284,28.927758164306937,103.54153278140267,37.606537561064876,7.199818633242941,348.43443264776687,3.3724888253184853,7,88.30281563306094
48.82357339423252,0.036681249053976565,1.9606362345512163,6.706783977932755,47.760536303923615,79.17872844700625,35.91595402138549,20.798022180904447,305.21286314948225,2.2475757910226006,4,91.11097429256833
72.58685078682417,0.025279074494103725,2.1490769069212905,6.6644812110056995,78.8592426897611,117.03317477305316,35.964200902540554,23.399163663894488,369.07256707027443,0.6972635503274291,1,90.6243806259537
8.40847852560934,0.03473171742495907,2.282777112241649,7.1823514455790125,49.004446158388795,34.6501849492165,34.77462330438505,4.193301189279081,283.02389137852833,2.939654105611049,9,84.36214475687285
26.072239219417273,0.022306539591583567,3.62960243010438,6.9971689218842394,71.8128513508727,75.43160384740753,33.259946759888535,12.351348706803181,,2.440980499388374,8,85.4482270043717
76.28086130574191,0.013073699628716233,2.2485114557165558,6.949480562092144,55.32389132787919,94.6608552590295,33.15871882686494,9.761448416177267,373.625517824276,2.9518772984547628,2,85.19041499608954
71.76978379181872,0.04113601356603579,2.519121301801388,7.183606582921918,42.51979447517611,107.63764240342611,35.11667572076599,22.025834475521105,347.6671505266483,3.10201182914264,1,94.75730783004857
39.17425645892847,0.040171378069479985,1.5689485889344736,7.212410319192888,37.147013331552216,46.133005071701106,33.42282689048619,3.921073037640432,311.33949190130323,3.904100433970506,0,82.24997190525761
51.509944835115256,0.03504012707186691,2.17963306233203,6.727126534135483,,102.00031335873133,36.034234777700696,6.85589667883486,363.39437432116574,2.336896792104169,7,89.37877014345365
25.80358872358495,0.014335111724268174,1.5227133226841816,7.0881801195821135,65.70789148266184,79.74363681466907,37.40486502819829,19.30677176448937,348.0869132987288,1.432400339493347,2,88.74162732187102
19.109086979282097,,0.8293816569579964,6.708283265822148,43.19243040938167,65.68983137909669,37.41457408259361,3.1797585265679587,375.5492331347665,2.6290117719109247,6,83.07674704639831
39.77738037049866,,3.2155186702162006,7.201100068823237,50.67652773204507,41.85435257211842,36.29522705066116,13.328313756428653,368.2030223427788,,0,90.57714475436191
31.50141710195396,0.005487521593005073,3.506957593497573,7.125564125013712,49.53952880007091,107.87661830180211,34.056159157364654,12.16846179763356,353.21295064434815,3.5998495414541867,0,81.01605748751226
48.7742083888154,0.0459483651976499,3.2877065570432653,7.365291696866767,54.63674175398788,44.15458873617438,37.31498415679436,9.691227116741219,338.5813210372977,0.5655859442189675,8,92.62954303678296
10.830097772373863,0.007704112915029109,2.585723197102576,6.655166413085136,71.93462873747313,57.880907328818935,37.43046717656604,11.075163252335248,295.98185508010283,1.3785870677546912,7,82.39761581773418
78.07961057496249,0.04756163033721932,2.209036010806534,6.645643776921003,78.84436061500577,56.10409787661932,33.983267924764796,14.188633499395358,311.35996214624606,3.2814069844418716,2,87.7019690358542
78.96580583597022,0.022854282874939832,4.385001423073214,6.82574965975456,44.45505251442901,108.42726307717689,36.687130428853386,5.711449242932812,330.29193675005024,2.429518275489776,5,94.65741126995076
